semana_inicio,venta_neta_total_eur,Yt_indexed,level_year,inv_paid_search,inv_social_paid,inv_video_online,inv_display,inv_email_crm,inv_radio_local,inv_exterior,inv_prensa,inv_digital,inv_tradicional,logadstock_digital,logadstock_tradicional,fourier_sin1,fourier_cos1,fourier_sin2,fourier_cos2,payday_flag,rebajas_flag,black_friday_flag,navidad_flag,semana_santa_flag,vacaciones_escolares_flag,incidencia_ecommerce_flag,festivo_local_intensidad,temperatura_media_c,lluvia_indice,turismo_indice
2020-01-06,1744807.79,0.9850222962617856,1771338.3713461538,32256.04,26864.09,27065.87,12249.83,7430.35,17578.2,21872.71,12566.69,98435.83,59447.950000000004,-2.1487573810504133,-4.2603204312163765,0.3364999475529548,1.3894425904061656,0.6535229606769487,1.2677425996751712,0,1,0,0,0,0,0,0.0,-1.2195855774104223,1.4022520608213038,-0.4253082044141851
2020-01-13,1743767.43,0.9844349663552984,1771338.3713461538,38551.67,24575.52,21375.62,10468.85,9060.7,14986.02,17893.72,12657.93,94971.66,54598.37000000001,-1.5045590951182475,-2.3776404116359586,0.49892434055527946,1.3384379071179335,0.9330827966625128,1.0733497333369768,0,1,0,0,0,0,0,0.0,-1.2847619088819835,1.2880586704041423,-0.5272145360994251
2020-01-20,1748775.45,0.9872622183817952,1771338.3713461538,34055.66,20363.2,21655.77,12252.29,5438.46,12869.67,17988.05,13077.65,88326.92,49373.83,-1.3739292016785758,-1.7258914972556476,0.6540636950619432,1.268075687677521,1.158339292274132,0.8172078927119167,1,1,0,0,0,0,1,0.0,-1.1994401658646665,1.3735359790947783,-0.6310506308027402
2020-01-27,1771293.4,0.9999746116569926,1771338.3713461538,28396.86,23534.38,23193.28,10693.32,7813.4,13831.8,16907.84,12349.28,85817.84,50902.32,-1.3642404582048058,-1.54837897593851,0.7996557299408368,1.1793819716862888,1.3162013587609065,0.5142031105394111,1,1,0,0,0,0,0,0.0,-1.1342638343931046,1.5383179807778262,-0.6655637001644567
2020-02-03,1771972.59,1.0003580448908609,1771338.3713461538,30090.34,23489.9,23911.76,13393.52,6604.51,13842.48,15698.03,10067.28,90885.52,46212.3,-1.2761688620474847,-1.4248598571316216,0.933577385478715,1.073650113244244,1.397494626623889,0.18194492338175636,1,1,0,0,0,0,0,0.0,-0.8955999587863307,1.400910187843429,-0.5762008280967003
2020-02-10,1768890.32,0.9986179651580104,1771338.3713461538,22108.06,21297.69,16913.66,10903.46,6215.91,14647.41,11828.65,13532.72,71222.87,46224.69,-1.5723456173193349,-1.4756389469910636,1.0538757823725307,0.952421920934882,1.397494626623889,-0.16025703063281527,0,1,0,0,0,0,0,0.0,-0.7052850708893704,1.2704801343939798,-0.5584618526613235
2020-02-17,1749785.11,0.9878322167606104,1771338.3713461538,31612.48,22659.03,21104.96,13646.43,5806.5199999999995,14060.93,17085.61,12387.06,89022.9,49340.119999999995,-1.3887308207287101,-1.50087745801837,1.1587966991071732,0.8174651747841882,1.3162013587609065,-0.4925152177904702,0,0,0,0,0,0,0,0.0,-0.6545660347624088,1.327778110549242,-0.5416135370804427
2020-02-24,1780119.84,1.0049575331263063,1771338.3713461538,24761.45,24940.37,21741.42,8370.62,5380.82,12175.19,16349.19,10730.72,79813.86,44635.92,-1.4714676050242639,-1.4387095309870237,1.2468101524553232,0.6707478480471665,1.1583392922741322,-0.7955199999629758,1,0,0,0,0,0,0,0.0,-0.44837182247055923,1.1527978742343443,-0.4808260020110966
2020-03-02,1767092.71,0.9976031336446874,1771338.3713461538,24753.66,20506.99,15623.48,10189.39,5740.99,16371.96,12739.91,12853.39,71073.52,47706.24999999999,-1.6559612871872098,-1.5206209264078536,1.316632708078128,0.5144094097262893,0.9330827966625128,-1.0516618405880362,1,0,0,0,0,0,0,0.0,-0.29763674313996474,1.2008369268422683,-0.623034692112277
2020-03-09,1760710.07,0.9939998469416792,1771338.3713461538,33435.99,23446.85,22296.03,14336.38,7771.58,12512.33,16136.65,14386.39,93515.25,50806.95,-1.3457511176196197,-1.4876740933728776,1.367246195887904,0.35072962629578025,0.6535229606769494,-1.24605470692623,0,0,0,0,0,0,1,0.0285714285714285,-0.08196233717952374,0.9611784129937969,-0.5213510253906601
2020-03-16,1768317.24,0.9982944357808622,1771338.3713461538,27437.19,21335.21,15109.92,9439.83,7852.820000000001,10705.78,11697.62,10057.95,73322.15,40314.170000000006,-1.5650580253226243,-1.3972645981282337,1.3979125572607365,0.18209531757282774,0.3359067858262629,-1.3674011921753029,0,0,0,0,0,0,1,0.0571428571428571,0.05313042259789586,0.8098151410894993,-0.5224643502087802
2020-03-23,1760584.38,0.9939288892963002,1771338.3713461538,25514.52,27466.87,18511.68,9108.18,6038.19,14988.17,16529.3,11806.01,80601.25,49361.670000000006,-1.528800974782313,-1.6046068739416108,1.4081846075931772,0.010965551510006246,-0.0013070302950443746,-1.408649079689104,1,0,0,0,0,0,1,0.0,0.22827700062511044,0.9328648931606346,-0.6029206237315778
2020-03-30,1750139.74,0.9880324213097448,1771338.3713461538,26665.82,21151.0,17570.1,9430.82,5760.14,16268.42,15976.28,11467.26,74817.73999999999,49472.1,-1.6140974801565433,-1.4893637273223432,1.3979125572607365,-0.1601642145528145,-0.3385208464163504,-1.3674011921753029,1,0,0,0,1,1,1,0.0,0.5072316993233955,0.7024653028595004,-0.5903029424595524
2020-04-06,1757254.66,0.9920491129340518,1771338.3713461538,24587.03,19158.59,20145.09,9915.67,6577.95,9606.84,13854.26,11660.92,73806.37999999999,41699.969999999994,-1.6662176242240752,-1.4298559240171187,1.367246195887904,-0.3287985232757666,-0.6561370212670359,-1.2460547069262309,0,0,0,0,1,1,1,0.0,0.5491815563069103,0.4742127093229653,-0.5081395708823045
2020-04-13,1777196.86,1.0033073797466454,1771338.3713461538,24125.38,20732.99,16546.829999999998,9361.0,5219.78,11190.1,10282.59,9805.38,70766.2,36497.85,-1.7408175135822839,-1.5874656581523887,1.316632708078128,-0.49247830670627624,-0.9356968572526002,-1.0516618405880362,0,0,0,0,0,0,1,0.0714285714285714,0.7489766378724624,0.32419131039654303,-0.6353554867661371
2020-04-20,1782651.18,1.0063865881509972,1771338.3713461538,29224.6,23562.53,18834.25,7993.54,6271.17,17732.83,15990.63,11855.62,79614.92,51850.25,-1.6152801438546973,-1.7976129704662198,1.2468101524553235,-0.6488167450271534,-1.1609533528642197,-0.7955199999629762,1,0,0,0,0,0,1,0.0285714285714285,0.8911795429013242,-0.09326537302036372,-0.5131124217365732
2020-04-27,1785623.8,1.008064765538269,1771338.3713461538,24792.69,19370.45,16687.79,11076.08,5685.67,13193.97,11859.49,11720.35,71927.01000000001,42459.479999999996,-1.6996965551418222,-1.5230116782616347,1.1587966991071734,-0.7955340717641751,-1.3188154193509942,-0.4925152177904709,1,0,0,0,0,0,1,0.0,1.0023348136655519,0.07688412057418334,-0.6139796502582352
2020-05-04,1772906.41,1.0008852281863314,1771338.3713461538,25157.73,25575.19,15973.75,8842.630000000001,7914.650000000001,13519.95,15274.81,9413.3,75549.3,46122.71,-1.6699795638009245,-1.616347070005271,1.0538757823725309,-0.9304908179148688,-1.4001086872139767,-0.16025703063281627,1,0,0,0,0,0,1,0.0,1.0521058304256532,-0.40176197063382224,-0.5669231212790345
2020-05-11,1752795.75,0.9895318581440417,1771338.3713461538,25872.77,22076.3,16512.25,11205.03,3889.86,14245.3,13668.52,10894.63,75666.35,42698.31,-1.6560828356254855,-1.5736111625846319,0.933577385478715,-1.051719010224231,-1.4001086872139767,0.18194492338175663,0,0,0,0,0,0,1,0.0,1.1736893142253304,-0.16022483461632564,-0.40096350172463
2020-05-18,1735444.11,0.9797360787036554,1771338.3713461538,21165.9,15579.0,15619.7,10709.92,5235.8099999999995,10775.25,12271.57,9485.59,63074.520000000004,37768.22,-1.8743085037902727,-1.6360797488504708,0.7996557299408368,-1.157450868666276,-1.3188154193509942,0.5142031105394111,0,0,0,0,0,0,1,0.0,1.2374436166466034,-0.6014326697416198,-0.609377907676673
2020-05-25,1738230.77,0.9813092733259128,1771338.3713461538,24907.17,17037.67,13580.68,8442.05,4804.34,12610.68,10993.79,13461.93,63967.57,41870.740000000005,-1.9473179864489827,-1.790581884534131,0.6540636950619438,-1.2461445846575077,-1.1609533528642206,0.8172078927119153,1,0,0,0,0,0,1,0.0,1.37087734253202,-0.6500084715406942,-0.6553211118377537
2020-06-01,1780238.17,1.0050243357214028,1771338.3713461538,25302.15,24226.71,16525.3,11146.89,5588.3099999999995,13501.92,13182.49,11433.78,77201.05,43706.5,-1.7381593756750098,-1.7654420167361249,0.4989243405552797,-1.3165068040979206,-0.9356968572526011,1.0733497333369764,1,0,0,0,0,0,1,0.0,1.3824905797760438,-0.6861048546455315,1.71234966803054
2020-06-08,1799266.96,1.015766941599431,1771338.3713461538,21732.15,19956.6,17272.0,8895.380000000001,7132.58,11290.53,15456.61,8379.42,67856.13,42259.14,-1.8218082986838018,-1.7070844142551913,0.3364999475529547,-1.3675114873861527,-0.6561370212670364,1.2677425996751714,0,0,0,0,0,0,1,0.0,1.3720623667405938,-0.883225995095366,1.8271705676059706
2020-06-15,1753914.1,0.9901632169053552,1771338.3713461538,23893.66,18872.49,19391.04,7870.67,4653.95,9829.0,12628.31,11809.24,70027.86,38920.49999999999,-1.8165371466048008,-1.7140412721915763,0.16915902945282368,-1.3984148713873175,-0.33852084641635094,1.3890890849242437,0,0,0,0,0,0,1,0.0285714285714285,1.4625982162756361,-1.0594139170903507,1.7887237505535643
2020-06-22,1772195.94,1.0004841359887633,1771338.3713461538,26874.47,16923.24,17769.81,9378.42,4431.5599999999995,14891.73,15393.04,11262.44,70945.94,45978.77,-1.7980047094522422,-1.801232850792159,-0.0006582063402838365,-1.4087663151743177,-0.0013070302950430152,1.430336972438045,1,0,0,0,0,0,0,0.0571428571428571,1.3978958944875037,-1.2468735720994863,1.5567810801119206
2020-06-29,1773950.49,1.001474658199755,1771338.3713461538,19748.77,14282.11,12262.62,6248.6,3893.03,10344.19,9241.35,11386.01,52542.100000000006,34864.58,-2.1275469297361114,-1.6683652283003643,-0.17047544213339016,-1.3984148713873175,0.33590678582626243,1.3890890849242437,1,1,0,0,0,1,0,0.0,1.3116261321033273,-1.5160532914612075,1.7904308486080145
2020-07-06,1772946.88,1.0009080753174358,1771338.3713461538,55891.76,36568.58,28974.25,15232.24,10823.27,24486.4,29729.48,22132.56,136666.83000000002,87171.71,-0.82091431195532,-1.8808335257702453,-0.33781636023352113,-1.3675114873861527,0.6535229606769478,1.2677425996751719,0,1,0,0,0,1,0,0.0,1.251189897466061,-1.5210182214793453,1.7245962410298585
2020-07-13,1765067.86,0.9964600149538972,1771338.3713461538,48085.88,35454.66,27620.34,14422.65,10926.94,24322.04,24195.85,18404.95,125583.53,77849.78,-0.5243136702183784,-0.7548970292964301,-0.5002407532358463,-1.3165068040979206,0.9330827966625128,1.0733497333369768,0,1,0,0,0,1,0,0.0,1.2836595607809842,-1.2070199446565986,1.7801140386267704
2020-07-20,1745500.74,0.9854134976331382,1771338.3713461538,33087.82,24338.19,23769.88,11612.68,8751.880000000001,13225.83,23419.86,12747.54,92808.57,58145.11,-0.9017074943965887,-0.4454867627411749,-0.6553801077425093,-1.2461445846575083,1.1583392922741313,0.8172078927119181,1,1,0,0,0,1,0,0.0,1.0781763630142782,-1.394882161559096,1.8816492620393035
2020-07-27,1792956.34,1.0122043134183434,1771338.3713461538,35248.61,25632.82,22180.82,10608.76,6538.84,11125.5,17189.75,9786.23,93671.01000000001,44640.31999999999,-1.045162203200278,-0.7040316186881136,-0.8009721426214033,-1.157450868666276,1.3162013587609065,0.5142031105394118,1,1,0,0,0,1,0,0.0,1.0641930773531063,-1.3440251756976354,1.7769225074814936
2020-08-03,1775115.97,1.0021326239610422,1771338.3713461538,32914.72,26714.56,18656.34,12649.13,7483.4,15014.32,14855.54,13951.69,90934.75,51304.950000000004,-1.1475833734659346,-1.1383426645189434,-0.9348937981592815,-1.0517190102242313,1.397494626623889,0.18194492338175725,1,1,0,0,0,1,0,0.0,0.7447105507215958,-1.5324241417912825,1.8909269688569692
2020-08-10,1789197.93,1.0100825223134942,1771338.3713461538,34292.26,28277.78,19399.13,13295.32,7410.54,16429.69,18584.13,16421.89,95264.49,58846.25,-1.1188320967036407,-1.2111655643571366,-1.0551921950530974,-0.9304908179148689,1.397494626623889,-0.16025703063281554,0,1,0,0,0,1,1,0.0,0.6475385656185398,-1.3644216449613347,1.6988413269040183
2020-08-17,1752239.01,0.9892175534301564,1771338.3713461538,30204.01,25392.61,20562.08,12560.09,7494.74,14743.12,19936.26,12028.15,88718.79,54202.27,-1.2135529379013488,-1.075217997050497,-1.1601131117877401,-0.7955340717641753,1.3162013587609065,-0.4925152177904702,0,0,0,0,0,1,0,0.0571428571428571,0.5821252293052637,-1.2751870919326485,1.603095392545708
2020-08-24,1762217.96,0.9948511185137244,1771338.3713461538,21992.17,18729.15,15653.75,7265.8,4398.8,10848.41,12060.16,10296.63,63640.87,37604.0,-1.6777857586461922,-1.1129942849073713,-1.2481265651358897,-0.6488167450271543,1.1583392922741331,-0.7955199999629744,1,0,0,0,0,1,0,0.0571428571428571,0.3735609685962652,-1.370460073361772,1.656238097197297
2020-08-31,1747197.06,0.98637114639604,1771338.3713461538,21778.62,17190.97,13722.87,7250.639999999999,5257.69,11822.27,12292.78,7893.74,59943.1,37266.48,-1.9401996368522094,-1.5216086522649168,-1.3179491207586949,-0.49247830670627696,0.9330827966625134,-1.0516618405880356,1,0,0,0,0,1,1,0.0,0.30980666617499203,-0.9724605481240527,-0.1569969232472921
2020-09-07,1754857.4,0.9906957520862436,1771338.3713461538,27411.78,33213.53,23779.96,12123.91,7115.9,15972.72,18700.26,17169.17,96529.18,58958.049999999996,-1.4018721261318887,-1.7442777774384364,-1.368562608568471,-0.3287985232757669,0.6535229606769487,-1.2460547069262307,0,0,0,0,0,0,0,0.0,0.11261863786830296,-1.2586820543047859,-0.509624003973131
2020-09-14,1775536.74,1.0023701675082304,1771338.3713461538,18023.18,16342.06,13124.81,6808.53,3616.06,9881.89,9599.89,8075.53,54298.579999999994,31173.37,-1.925992186470347,-1.3283081731843993,-1.3992289699413032,-0.16016421455281551,0.33590678582626443,-1.3674011921753024,0,0,0,0,0,0,0,0.0,-0.10755886008471875,-1.0057389979753517,-0.5569031979159556
2020-09-21,1766722.22,0.9973939754138303,1771338.3713461538,29688.24,21920.26,18874.71,9899.6,5802.55,13568.98,17005.670000000002,10475.33,80382.81,46852.530000000006,-1.6738564097299633,-1.7954424386975754,-1.4095010202737441,0.010965551510006213,-0.0013070302950434038,-1.408649079689104,1,0,0,0,0,0,0,0.0,-0.3052208980748375,-0.8147904732237421,-0.49604144119206844
2020-09-28,1766403.3,0.9972139307621936,1771338.3713461538,26553.06,26163.1,18878.96,10716.35,4392.76,15460.42,18398.56,13044.69,82311.47,51296.43000000001,-1.542403712857045,-1.6439646600068443,-1.3992289699413032,0.182095317572828,-0.3385208464163512,-1.3674011921753029,1,0,0,0,0,0,0,0.0,-0.35001481315892874,-0.515418611859834,-0.7269450084701331
2020-10-05,1738441.98,0.9814285108490288,1771338.3713461538,34796.04,22437.09,22218.2,11392.15,5203.89,14552.86,18513.75,9259.85,90843.48,47530.35,-1.3466168785777515,-1.4621386054773136,-1.368562608568471,0.3507296262957793,-0.6561370212670355,-1.246054706926231,1,0,0,0,0,0,1,0.0,-0.6047950180023075,-0.3506366101767855,-0.592752257059416
2020-10-12,1780682.79,1.0052753436638675,1771338.3713461538,33224.97,23711.99,21335.52,12059.71,9279.1,15104.16,19546.11,12539.25,90332.19000000002,56468.62,-1.2783391926804348,-1.462728676673907,-1.3179491207586949,0.5144094097262893,-0.9356968572526003,-1.0516618405880362,0,0,0,0,0,0,0,0.0,-0.7614552183757708,-0.327824769552911,-0.6238511303122312
2020-10-19,1749953.04,0.9879270207815226,1771338.3713461538,30304.54,27028.49,19645.58,12590.1,6575.96,13820.38,13675.55,11252.49,89568.71,45324.38,-1.263793855421423,-1.25219110921377,-1.2481265651358906,0.6707478480471656,-1.1609533528642189,-0.7955199999629774,1,0,0,0,0,0,0,0.0,-0.8801946440748706,0.000665735430885029,-0.6400314510022406
2020-10-26,1786566.45,1.008596933764989,1771338.3713461538,27090.44,23571.76,18965.31,11111.79,6888.69,14685.76,15578.93,9890.63,80739.3,47044.01,-1.4049784100308957,-1.4091455036020253,-1.160113111787741,0.8174651747841868,-1.318815419350993,-0.4925152177904736,1,0,0,0,0,0,0,0.0,-0.9477410239635797,-0.0005419502492025007,-0.5647706932973361
2020-11-02,1747737.44,0.986676215155765,1771338.3713461538,28399.81,24468.3,21960.92,8897.77,7220.55,16246.13,13727.86,9811.51,83726.8,47006.05,-1.411769641141973,-1.4477965315604235,-1.0551921950530974,0.952421920934882,-1.4001086872139767,-0.1602570306328154,1,0,0,0,0,0,1,0.0,-1.0662434448209654,0.3636423759460677,-0.6824862373998788
2020-11-09,1755932.38,0.9913026265363144,1771338.3713461538,43985.64,32055.36,30487.98,12127.96,6618.53,24064.7,23056.2,17086.74,118656.93999999999,70826.17,-0.8504073785226949,-1.4681180162541054,-0.9348937981592825,1.0736501132442435,-1.4001086872139767,0.18194492338175494,0,0,0,0,0,0,0,0.0,-1.245419105157332,0.31949475497398083,-0.6304568575664096
2020-11-16,1755556.05,0.9910901713633856,1771338.3713461538,51754.06,43942.75,33831.340000000004,16966.39,16018.54,23728.0,31706.32,22865.48,146494.54,94318.34,-0.23400510665193433,-0.9295446288144733,-0.8009721426214038,1.1793819716862888,-1.3188154193509942,0.5142031105394108,0,0,1,0,0,0,1,0.0,-1.33524394016723,0.42671040590619175,-0.6075965879676813
2020-11-23,1751220.08,0.9886423217203472,1771338.3713461538,34834.27,38042.7,26015.22,15574.17,8354.57,22527.14,17092.12,14907.85,114466.36,62881.67999999999,-0.45373277140277546,-0.1943565602310667,-0.6553801077425099,1.2680756876775212,-1.1609533528642195,0.8172078927119172,1,0,1,0,0,0,1,0.0,-1.4094264556239533,0.7674119549886491,-0.631941290657236
2020-11-30,1766610.75,0.9973310455965784,1771338.3713461538,34728.38,29571.72,30720.64,11704.8,7631.4,15110.45,18681.28,14547.53,106725.54,55970.659999999996,-0.6590852591203175,-0.4738182512003,-0.5002407532358466,1.3384379071179335,-0.9356968572526013,1.0733497333369761,1,0,1,1,0,0,1,0.0,-1.4442661673560244,0.9230692204221471,-0.7237534773248562
2020-12-07,1753133.34,0.9897224428485007,1771338.3713461538,33072.75,28292.37,23144.31,14422.29,8488.81,17900.81,18443.02,11607.16,98931.72,56439.8,-0.86281375595153,-0.7654628054601642,-0.3378163602335217,1.3894425904061656,-0.6561370212670368,1.2677425996751712,0,0,0,1,0,0,0,0.0,-1.4556423997583336,0.9872107487645715,-0.5782048127693161
2020-12-14,1764335.42,0.996046519705418,1771338.3713461538,41467.96,32896.67,27087.52,16156.8,9846.32,19939.92,19486.55,12917.57,117608.95000000001,62190.36,-0.6591292296029508,-0.905938172834301,-0.1704754421333913,1.4203459744073303,-0.3385208464163525,1.3890890849242432,0,0,0,1,0,1,0,0.0,-1.4369190172628667,1.06450263229017,-0.6703138860551016
2020-12-21,1779872.93,1.0048181413511412,1771338.3713461538,35532.74,25886.09,32700.84,17536.01,9501.45,22228.91,19343.94,16643.010000000002,111655.68,67717.31,-0.6684163755311354,-0.8505131225781275,-0.0006582063402824772,1.4306974181943308,-0.0013070302950421088,1.430336972438045,1,0,0,1,0,1,1,0.0,-1.4210396928679772,1.3420019641147167,-0.5994322059681354
2020-12-28,2145667.98,1.2113258622458278,1771338.3713461538,39638.21,39573.54,26417.24,14022.34,7365.46,27518.82,17942.25,18122.37,119651.33,70948.90000000001,-0.5527667537589469,-0.7038569439483792,0.16915902945282382,1.4203459744073303,0.3359067858262633,1.3890890849242437,1,0,0,0,0,1,0,0.0,-1.4350229785291484,1.1523953123409818,-0.6979985631990161
2021-01-04,2661219.74,1.0030136047869724,2653223.9715384617,57617.64,47633.4,35333.5,17212.55,13370.3,22626.72,31107.7,20009.64,157797.09000000003,87114.36,0.030857312349142976,-0.5638188069971976,0.16915902945282368,1.4203459744073303,0.33590678582626304,1.3890890849242437,1,1,0,0,0,0,0,0.0,-1.3743497390501669,1.4107058605819165,-0.5705599823515596
2021-01-11,2658052.83,1.0018199965450856,2653223.9715384617,55239.5,43235.11,33258.89,20508.73,11726.64,30629.74,28802.24,20430.04,152242.22999999998,91588.66,0.1774131689873923,-0.16864472020690927,0.3364999475529548,1.3894425904061656,0.6535229606769487,1.2677425996751712,0,1,0,0,0,0,0,0.0,-1.2994562090683,1.2883270449997175,-0.549926362389071
2021-01-18,2641187.04,0.9954632810242996,2653223.9715384617,58715.5,44117.8,37889.35,19694.64,13477.51,24962.04,34003.06,23586.19,160417.29,96028.79999999999,0.3416049815962692,0.10544131478589297,0.49892434055527946,1.3384379071179335,0.9330827966625128,1.0733497333369768,0,1,0,0,0,0,0,0.0,-1.138292916702256,1.437543320139416,-0.6211049290942023
2021-01-25,2605796.55,0.982124606875551,2653223.9715384617,53654.22,40898.39,28090.6,14614.51,11611.4,24520.55,26566.42,23883.43,137257.72,86581.79999999999,0.10300669410034889,0.31999663931702566,0.6540636950619432,1.268075687677521,1.158339292274132,0.8172078927119167,1,1,0,0,0,0,0,0.0,-1.0854408369998614,1.564216129250814,-0.5465863879347114
2021-02-01,2654187.01,1.0003629691544584,2653223.9715384617,24151.6,21342.84,17677.18,10983.37,5547.07,10350.38,13449.36,10823.85,74154.99,40170.659999999996,-0.9139420746712756,0.2524949212215309,0.7996557299408368,1.1793819716862888,1.3162013587609065,0.5142031105394111,1,1,0,0,0,0,0,0.0,-0.9290176414681135,1.2487417921524055,-0.6303084142573268
2021-02-08,2645131.22,0.9969498422955342,2653223.9715384617,30310.45,21636.43,17654.12,13984.54,5264.860000000001,12852.87,18166.47,10349.07,83585.54000000001,46633.270000000004,-1.2130540997356216,-0.7050291012451095,0.933577385478715,1.073650113244244,1.397494626623889,0.18194492338175636,0,1,0,0,0,0,0,0.0,-0.804590099567859,1.3848077121089293,-0.6165774081671815
2021-02-15,2646821.62,0.9975869539823472,2653223.9715384617,41592.42,33314.35,23934.32,11567.08,9051.36,18381.68,22988.56,16743.06,110408.16999999998,67164.66,-0.9041849619109351,-1.0935573915074785,1.0538757823725307,0.952421920934882,1.397494626623889,-0.16025703063281527,0,0,0,0,0,0,0,0.0,-0.6472188846692514,1.2386777448183435,-0.5836972152053742
2021-02-22,2649383.16,0.998552398297444,2653223.9715384617,26044.06,25200.01,21808.01,10418.98,6717.73,15243.54,14313.23,14153.68,83471.06,50428.17999999999,-1.210839588792993,-0.8336080806678204,1.1587966991071732,0.8174651747841882,1.3162013587609065,-0.4925152177904702,1,0,0,0,0,0,0,0.0,-0.5057269941655334,1.143136388793644,-0.5390157791714961
2021-03-01,2632623.72,0.9922357660870534,2653223.9715384617,42828.22,39770.4,35306.77,13106.17,11210.59,21896.77,23594.69,16566.75,131011.56,73268.8,-0.5894646474182609,-1.075123418128687,1.2468101524553232,0.6707478480471665,1.1583392922741322,-0.7955199999629758,1,0,0,0,0,0,1,0.0,-0.3950457330847353,1.2208308342126057,-0.5140773032456107
2021-03-08,2666274.29,1.0049186644631327,2653223.9715384617,42112.6,30988.86,22259.26,11875.13,9047.29,19599.18,19372.5,14712.4,107235.84999999999,62731.37,-0.7070234842832177,-0.6932726665828388,1.316632708078128,0.5144094097262893,0.9330827966625128,-1.0516618405880362,0,0,0,0,0,0,0,0.0142857142857142,-0.18671847721745236,1.0717487463706952,-0.5544538833160918
2021-03-15,2660038.27,1.002568308795125,2653223.9715384617,38960.96,28824.8,22555.5,11209.27,9673.48,13808.52,19688.49,14960.14,101550.53,58130.630000000005,-0.8419424276715762,-0.7325972518842362,1.367246195887904,0.35072962629578025,0.6535229606769494,-1.24605470692623,0,0,0,0,0,0,0,0.0714285714285714,-0.04309354313830069,0.8235022454638239,-0.6839706704907054
2021-03-22,2654472.95,1.0004707399280786,2653223.9715384617,44045.98,35403.89,31256.83,16606.9,10575.55,24505.85,20474.75,14754.95,127313.59999999999,70311.1,-0.5068793583284712,-0.8520905747758317,1.3979125572607365,0.18209531757282774,0.3359067858262629,-1.3674011921753029,1,0,0,0,1,1,0,0.0,0.13679313172320928,0.7353411908174375,-0.566774677969952
2021-03-29,2613702.64,0.9851044118542523,2653223.9715384617,41470.8,34882.56,26799.9,11353.89,8939.82,18822.91,27269.96,17918.5,114507.15,72951.19,-0.5646092353496519,-0.6494546807089036,1.4081846075931772,0.010965551510006246,-0.0013070302950443746,-1.408649079689104,1,0,0,0,1,1,0,0.0,0.39086232204144367,0.873956669431923,-0.46650122268462085
2021-04-05,2661814.73,1.003237856492212,2653223.9715384617,33141.65,26553.96,24491.49,15049.27,7083.62,16653.29,17291.63,15245.42,99236.37000000001,56273.96,-0.8189794699784693,-0.49556975388772523,1.3979125572607365,-0.1601642145528145,-0.3385208464163504,-1.3674011921753029,1,0,0,0,0,0,0,0.0,0.5015435831222413,0.6020932041144514,-0.49129125530142337
2021-04-12,2651683.68,0.9994194641858416,2653223.9715384617,48967.23,45182.24,26715.04,17754.86,12408.45,28695.09,25090.15,19168.71,138619.37,85362.40000000001,-0.3343028771767107,-0.7702753962251432,1.367246195887904,-0.3287985232757666,-0.6561370212670359,-1.2460547069262309,0,0,0,0,0,0,0,0.0571428571428571,0.727172192434704,0.2863504924204678,-0.5825096687327128
2021-04-19,2626359.81,0.989874898679253,2653223.9715384617,39438.32,34107.64,24519.81,15366.85,11344.16,19126.25,24547.9,20216.08,113432.62,75234.39,-0.5102041220660686,-0.30015048869830124,1.316632708078128,-0.49247830670627624,-0.9356968572526002,-1.0516618405880362,1,0,0,0,0,0,1,0.0428571428571428,0.8821733589161628,0.38833283873896673,-0.40987010026958925
2021-04-26,2630482.35,0.9914286838267652,2653223.9715384617,52374.4,39002.15,33437.14,17269.93,8583.37,23740.7,30436.89,19089.92,142083.62,81850.87999999999,-0.16931040867151403,-0.27677603929626704,1.2468101524553235,-0.6488167450271534,-1.1609533528642197,-0.7955199999629762,1,0,0,0,0,0,0,0.0,0.9736572278180639,-0.2258424232344121,-0.592084262168544
2021-05-03,2658321.59,1.0019212921774494,2653223.9715384617,38352.79,31119.31,27822.03,12086.7,5473.05,18400.66,25207.06,21675.79,109380.83,70756.56,-0.5011354772573929,-0.13422578243669847,1.1587966991071734,-0.7955340717641751,-1.3188154193509942,-0.4925152177904709,1,0,0,0,0,0,0,0.0,1.0532908546342274,0.008180224106984768,-0.6677903498006963
2021-05-10,2669164.22,1.0060078789550118,2653223.9715384617,39536.78,32478.86,27055.289999999997,17843.13,7358.06,18443.47,20893.24,18171.52,116914.06,64866.29000000001,-0.5267255364997109,-0.28268988576557164,1.0538757823725309,-0.9304908179148688,-1.4001086872139767,-0.16025703063281627,0,0,0,0,0,0,0,0.0,1.2765494155295416,-0.36526302563562246,-0.5580907443886169
2021-05-17,2656669.73,1.0012987062149676,2653223.9715384617,31097.01,22296.38,27137.71,12345.97,7991.55,16992.75,15367.04,16219.13,92877.07,56570.47,-0.9016603561377919,-0.47866243969617944,0.933577385478715,-1.051719010224231,-1.4001086872139767,0.18194492338175663,0,0,0,0,0,0,0,0.0,1.261618110501511,-0.45852319759793414,-0.7193743997069177
2021-05-24,2687128.29,1.012778536160247,2653223.9715384617,48881.42,35244.62,29695.83,16355.18,11130.56,27092.46,28195.79,21281.33,130177.05,87700.14,-0.4874390618936846,-0.7550705150352931,0.7996557299408368,-1.157450868666276,-1.3188154193509942,0.5142031105394111,1,0,0,0,0,0,0,0.0,1.2625661298683697,-0.58908743834517,-0.5779821478056921
2021-05-31,2654657.19,1.0005401799761018,2653223.9715384617,43783.28,35225.79,31839.16,16393.760000000002,10414.5,24544.16,23864.93,17817.43,127241.99000000002,76641.01999999999,-0.37087694787712744,-0.2463249073036362,0.6540636950619438,-1.2461445846575077,-1.1609533528642206,0.8172078927119153,1,0,0,0,0,0,0,0.0,1.3521539600365529,-0.8440433041414167,1.3751606914492964
2021-06-07,2670759.43,1.0066091135349462,2653223.9715384617,34007.5,26294.57,23036.44,13373.38,9270.07,18870.83,23096.64,17097.68,96711.89,68335.22,-0.7762718562418063,-0.22192217866815614,0.4989243405552797,-1.3165068040979206,-0.9356968572526011,1.0733497333369764,0,0,0,0,0,0,1,0.0,1.3613971488634293,-0.8573278466223788,1.7461205208468429
2021-06-14,2662975.19,1.0036752338159691,2653223.9715384617,32553.22,29548.44,22255.28,11406.38,10879.82,14834.16,21227.57,11614.15,95763.32,58555.7,-0.9605844369060967,-0.37641526383589585,0.3364999475529547,-1.3675114873861527,-0.6561370212670364,1.2677425996751714,0,0,0,0,0,0,0,0.0142857142857142,1.452170003240186,-1.0013108171483647,1.8551521313680506
2021-06-21,2659591.42,1.0023998910494714,2653223.9715384617,29719.97,23521.03,22013.03,8213.42,6601.93,14531.35,16779.11,11733.75,83467.45,49646.14,-1.2344733657754685,-0.6593057165536409,0.16915902945282368,-1.3984148713873175,-0.33852084641635094,1.3890890849242437,1,0,0,0,0,0,0,0.0714285714285714,1.4016879719549398,-0.9911125825165147,1.7579959855734557
2021-06-28,2629656.68,0.9911174888395132,2653223.9715384617,57240.98,55053.6,40703.16,15878.88,11256.62,32080.04,38800.11,23858.94,168876.62,105995.70999999999,-0.0568131596555053,-1.0015917955024811,-0.0006582063402838365,-1.4087663151743177,-0.0013070302950430152,1.430336972438045,1,1,0,0,0,1,0,0.0,1.2348365633877412,-1.1367058006159507,1.694313805976998
2021-07-05,2680087.95,1.0101250323190625,2653223.9715384617,86151.38,58594.49,48880.64,34688.21,20969.57,35571.91,45336.59,37573.76,228314.71999999997,139451.83000000002,1.085439085931929,0.0014906639733354152,-0.17047544213339016,-1.3984148713873175,0.33590678582626243,1.3890890849242437,1,1,0,0,0,1,0,0.0,1.329401495231935,-1.2097036906123488,1.8289518873149626
2021-07-12,2663976.06,1.004052461675636,2653223.9715384617,76310.45,54124.9,53477.83,28941.98,22280.89,38990.56,41882.9,31255.370000000003,212855.16000000003,134409.71999999997,1.3222428988830517,1.0247998030371215,-0.33781636023352113,-1.3675114873861527,0.6535229606769478,1.2677425996751719,0,1,0,0,0,1,0,0.0,1.199285837130526,-1.620719383735456,1.7116074514851265
2021-07-19,2634503.87,0.9929443945406512,2653223.9715384617,64237.71,52226.89,37988.25,17438.02,10407.42,25712.59,36782.93,23704.02,171890.87,96606.96,0.9487891134667539,1.404671387896431,-0.5002407532358463,-1.3165068040979206,0.9330827966625128,1.0733497333369768,1,1,0,0,0,1,0,0.0,1.1096980069623423,-1.4050803961909468,1.709306580194345
2021-07-26,2649642.4,0.99865010584222,2653223.9715384617,49461.27,39680.81,31890.48,16423.97,10621.37,29110.58,31587.21,20552.75,137456.53,91871.91,0.36420125985597585,0.9903702308244456,-0.6553801077425093,-1.2461445846575083,1.1583392922741313,0.8172078927119181,1,1,0,0,0,1,0,0.0,1.0525798401090831,-1.5422198145297696,1.828432335733173
2021-08-02,2648706.02,0.9982971842607612,2653223.9715384617,36803.88,25873.69,21368.19,11497.8,8141.72,15306.47,17684.5,17348.23,95543.56,58480.92,-0.47059361481859197,0.6917051759283561,-0.8009721426214033,-1.157450868666276,1.3162013587609065,0.5142031105394118,1,1,0,0,0,1,0,0.0,0.9504307533300169,-1.3463063597600224,1.8137364481339908
2021-08-09,2636053.94,0.99352861585654,2653223.9715384617,47025.96,38472.76,33219.08,20498.37,12183.12,25004.6,31568.45,21834.32,139216.16999999998,90590.48999999999,-0.19429409608208212,-0.08169411364895904,-0.9348937981592815,-1.0517190102242313,1.397494626623889,0.18194492338175725,0,1,0,0,0,1,0,0.0,0.7376004054701524,-1.1587125174530994,1.6374600185983414
2021-08-16,2650913.82,0.9991293039851732,2653223.9715384617,39313.76,27154.73,26984.79,13068.22,9192.44,15933.71,20116.24,15899.41,106521.5,61141.8,-0.5538079692923925,0.128526907141664,-1.0551921950530974,-0.9304908179148689,1.397494626623889,-0.16025703063281554,0,0,0,0,0,1,0,0.0428571428571428,0.693991514594635,-1.2839092662888356,1.7064861573217749
2021-08-23,2658961.01,1.002162289547765,2653223.9715384617,38036.56,36072.28,25912.379999999997,18403.62,7644.04,19935.06,19120.85,19014.52,118424.84,65714.47,-0.5255285647562549,-0.33846030924736814,-1.1601131117877401,-0.7955340717641753,1.3162013587609065,-0.4925152177904702,1,0,0,0,0,1,0,0.0714285714285714,0.5188449365674199,-1.2306369090671987,1.7966654675894853
2021-08-30,2630292.02,0.9913569484580056,2653223.9715384617,38162.85,29523.0,26946.04,15904.73,5449.9,13810.09,16739.69,18716.47,110536.62,54716.15,-0.631308974956897,-0.4897720335590294,-1.2481265651358897,-0.6488167450271543,1.1583392922741331,-0.7955199999629744,1,0,0,0,0,1,0,0.0,0.3022225112401193,-1.252106876713199,-0.017979764291388877
2021-09-06,2654202.17,1.000368682957802,2653223.9715384617,35818.28,33078.72,20893.09,14899.26,6450.8,23329.85,22339.14,18945.22,104689.34999999999,71065.01,-0.7628099440321032,-0.8009325768987459,-1.3179491207586949,-0.49247830670627696,0.9330827966625134,-1.0516618405880356,0,0,0,0,0,0,0,0.0,0.0853630810711043,-1.2419086420813488,-0.7888458683575986
2021-09-13,2659545.48,1.0023825762654603,2653223.9715384617,37993.75,39277.98,31552.31,15390.93,12171.11,20804.44,24447.38,19212.52,124214.97,76635.45,-0.5221564828408222,-0.60871119495708,-1.368562608568471,-0.3287985232757669,0.6535229606769487,-1.2460547069262307,0,0,0,0,0,0,0,0.0,-0.06916407572692565,-0.8377365011454044,-0.6237026870031488
2021-09-20,2645763.57,0.997188174983156,2653223.9715384617,43042.74,29188.88,34259.68,11965.66,9075.31,17629.5,20473.53,20909.68,118456.95999999999,68088.02,-0.5124315917951959,-0.4000648998430991,-1.3992289699413032,-0.16016421455281551,0.33590678582626443,-1.3674011921753024,1,0,0,0,0,0,0,0.0,-0.1665730656716965,-0.7530643162414927,-0.6015104122952925
2021-09-27,2687229.3,1.0128166068248736,2653223.9715384617,43025.89,33129.25,26662.91,15456.58,9383.93,20923.31,24331.34,20270.22,118274.63,74908.8,-0.5112257188179927,-0.47209472304797256,-1.4095010202737441,0.010965551510006213,-0.0013070302950434038,-1.408649079689104,1,0,0,0,0,0,0,0.0,-0.37229326828011705,-0.6247812595566448,-0.5980219945318501
2021-10-04,2655858.21,1.000992844362103,2653223.9715384617,51894.28,47863.2,33732.35,20150.56,13182.31,30959.94,26727.55,23775.69,153640.38999999998,94645.48999999999,-0.010304286415320057,-0.3684872360736997,-1.3992289699413032,0.182095317572828,-0.3385208464163512,-1.3674011921753029,1,0,0,0,0,0,0,0.0,-0.565926223961085,-0.506830624801434,-0.6045535001314867
2021-10-11,2637151.9,0.9939424369330032,2653223.9715384617,42918.16,37372.07,26489.49,15573.83,7397.21,19208.32,22073.29,15167.58,122353.55000000002,63846.4,-0.24792803305591374,0.06866835042748941,-1.368562608568471,0.3507296262957793,-0.6561370212670355,-1.246054706926231,0,0,0,0,0,0,0,0.0,-0.6156972407211869,-0.5779498926288076,-0.6645988186554195
2021-10-18,2643021.59,0.9961547228398716,2653223.9715384617,53988.57,37320.88,35698.42,18303.19,13345.11,28863.89,32818.73,24423.7,145311.06,99451.43000000001,-0.024230349235781084,-0.3158372454561806,-1.3179491207586949,0.5144094097262893,-0.9356968572526003,-1.0516618405880362,0,0,0,0,0,0,0,0.0,-0.804590099567859,-0.13472924803670092,-0.6303826359118679
2021-10-25,2673883.66,1.007786635686681,2653223.9715384617,41400.15,33753.28,25424.0,13792.91,8873.86,21501.59,21367.08,13561.38,114370.34,65303.909999999996,-0.3675517760828704,0.1836692165635678,-1.2481265651358906,0.6707478480471656,-1.1609533528642189,-0.7955199999629774,1,0,0,0,0,0,0,0.0,-0.9799736824367891,-0.007519689734153117,-0.5943851334593251
2021-11-01,2635269.07,0.9932327983875214,2653223.9715384617,42388.53,25553.98,32961.88,13999.34,10076.69,20212.65,25464.1,19222.41,114903.72999999998,74975.85,-0.5022086300976832,-0.2256154026955896,-1.160113111787741,0.8174651747841868,-1.318815419350993,-0.4925152177904736,1,0,0,0,0,0,0,0.0,-1.1337898247096747,0.27910437833994395,-0.48950993559243183
2021-11-08,2635253.5,0.9932269300551956,2653223.9715384617,52616.33,31241.22,31329.96,13218.36,10637.25,27715.19,29961.15,19742.68,128405.87,88056.26999999999,-0.35993271646321423,-0.24468297092161398,-1.0551921950530974,0.952421920934882,-1.4001086872139767,-0.1602570306328154,0,0,0,0,0,0,0,0.0,-1.2022842239652438,0.14934526137943246,-0.643074538838435
2021-11-15,2619596.77,0.9873259091960628,2653223.9715384617,54069.63,46358.869999999995,42870.16,21942.77,11892.13,29914.64,29439.88,23147.03,165241.43,94393.68000000001,0.20109947347514903,0.0016517594850588874,-0.9348937981592825,1.0736501132442435,-1.4001086872139767,0.18194492338175494,0,0,1,0,0,0,1,0.0,-1.2567953375596412,0.656304872420601,-0.5534890018070544
2021-11-22,2656401.63,1.0011976593365752,2653223.9715384617,45912.02,39890.49,35543.14,19225.48,12351.3,25554.47,31035.01,22403.89,140571.13,91344.67,0.08972025592341427,0.23978101396762116,-0.8009721426214038,1.1793819716862888,-1.3188154193509942,0.5142031105394108,1,0,1,0,0,0,1,0.0,-1.3935471312290635,0.5774027413215518,-0.6383985746023315
2021-11-29,2650310.8,0.9989020257732812,2653223.9715384617,43866.27,34835.409999999996,34445.9,16894.67,11274.99,21935.7,20451.23,14346.34,130042.25,68008.26000000001,-0.09920720847901744,0.30001731203060455,-0.6553801077425099,1.2680756876775212,-1.1609533528642195,0.8172078927119172,1,0,1,1,0,0,1,0.0,-1.4672556370023575,0.9521878640420345,-0.6129405470946566
2021-12-06,2650720.46,0.9990564266095447,2653223.9715384617,53411.48,44053.14,42308.05,19630.4,16569.04,25671.02,32643.42,20200.01,159403.07,95083.48999999999,0.22172272363804604,-0.11045961565282382,-0.5002407532358466,1.3384379071179335,-0.9356968572526013,1.0733497333369761,0,0,0,1,0,0,0,0.0,-1.492141145382408,0.8993180687137604,-0.6823377940907961
2021-12-13,2639445.34,0.9948068343697074,2653223.9715384617,73109.52,46290.47,49934.45,23536.63,13932.96,34207.630000000005,31821.04,21850.85,192871.07,101812.48000000001,0.7643841149520835,0.19881307172446075,-0.3378163602335217,1.3894425904061656,-0.6561370212670368,1.2677425996751712,0,0,0,1,0,0,0,0.0,-1.4336009494788597,1.0230387572738335,-0.45432887133984334
2021-12-20,2671928.92,1.0070498942653123,2653223.9715384617,43091.35,41492.02,28697.23,17838.18,7581.71,20461.09,26404.22,15534.09,131118.78,69981.11,0.2011232454058293,0.46952974030424727,-0.1704754421333913,1.4203459744073303,-0.3385208464163525,1.3890890849242432,1,0,0,1,0,1,0,0.0,-1.405397373314802,1.1895651938281193,-0.5958695665501517
2021-12-27,2790771.71,1.0518417366709458,2653223.9715384617,71381.58,57036.82,51182.61,25832.22,15806.77,41673.9,34831.979999999996,30413.71,205433.22999999998,122726.36,0.9074615043750921,0.018161463068712025,-0.0006582063402824772,1.4306974181943308,-0.0013070302950421088,1.430336972438045,1,0,0,0,0,1,0,0.0,-1.3980502232216443,1.1489064425985072,-0.5632120385519682
2022-01-03,3081462.18,0.9960884571258004,3093562.7834615386,58352.52,48767.51,38044.29,21764.96,12601.26,31528.74,33845.74,23616.38,166929.28,101592.12,0.7161001492385072,0.7516371910525217,0.16915902945282368,1.4203459744073303,0.33590678582626304,1.3890890849242437,1,1,0,0,0,0,0,0.0,-1.3883330247113388,1.5226180669366896,-0.7253121320702238
2022-01-10,3106483.71,1.0041767138548272,3093562.7834615386,55518.91,37100.46,32614.88,24748.9,11967.51,25922.23,28287.08,21379.47,149983.15,87556.29,0.42526999619201317,0.7368228065565073,0.3364999475529548,1.3894425904061656,0.6535229606769487,1.2677425996751712,0,1,0,0,0,0,0,0.0,-1.3660545695901498,1.184600263809982,-0.7231597040885254
2022-01-17,3074738.36,0.9939149696388332,3093562.7834615386,60119.04,53718.35,32969.45,29471.64,16501.77,26264.8,37369.8,33948.24,176278.47999999998,114084.61,0.6382902756529221,0.48375469165990836,0.49892434055527946,1.3384379071179335,0.9330827966625128,1.0733497333369768,0,1,0,0,0,0,0,0.0,-1.1719476042257528,1.5443564091782638,-0.622144032257781
2022-01-24,3091825.26,0.9994383422664548,3093562.7834615386,63390.15,45911.35,31796.08,19886.86,7371.24,27346.86,32100.51,29171.05,160984.44,95989.66,0.532395635464439,0.8191243330019791,0.6540636950619432,1.268075687677521,1.158339292274132,0.8172078927119167,1,1,0,0,0,0,0,0.0,-1.0389878880237668,1.3735359790947783,-0.6657863651280806
2022-01-31,3091341.22,0.9992818754242148,3093562.7834615386,62391.56,42919.66,39341.34,16366.43,10330.59,29351.29,41079.96,21634.22,161018.99,102396.06,0.4899936425382946,0.6743851869052485,0.7996557299408368,1.1793819716862888,1.3162013587609065,0.5142031105394111,1,1,0,0,0,0,0,0.0,-0.9176414090658044,1.506783965797765,-0.6190267227670453
2022-02-07,3113532.81,1.0064553487148291,3093562.7834615386,43997.09,38529.36,31630.08,19203.17,8722.35,26254.99,24541.27,20802.01,133359.7,80320.62000000001,0.11302426979948416,0.7120849300250086,0.933577385478715,1.073650113244244,1.397494626623889,0.18194492338175636,0,1,0,0,0,0,0,0.0,-0.8211804384878928,1.2936945369112174,-0.5842167667871635
2022-02-14,3046888.84,0.984912559812569,3093562.7834615386,54780.74,40411.79,38620.14,16439.3,13417.64,23088.59,27302.03,25609.49,150251.97,89417.75,0.1833957646006076,0.3403460077232883,1.0538757823725307,0.952421920934882,1.397494626623889,-0.16025703063281527,0,0,0,0,0,0,0,0.0,-0.6268364682817811,1.5179215115141267,-0.6277848780029217
2022-02-21,3118630.85,1.008103299752789,3093562.7834615386,29701.39,26326.04,21226.14,10813.19,5897.49,13881.99,14825.13,13269.61,88066.76,47874.219999999994,-0.6636024403874632,0.31487356590197474,1.1587966991071732,0.8174651747841882,1.3162013587609065,-0.4925152177904702,1,0,0,0,0,0,0,0.0,-0.584412601614837,1.2062044187537688,-0.513706194972904
2022-02-28,3085441.55,0.9973747959779722,3093562.7834615386,48337.86,30776.9,29968.76,15677.86,10859.79,19803.68,25098.88,17657.98,124761.38,73420.32999999999,-0.4757230148761698,-0.5072223525547734,1.2468101524553232,0.6707478480471665,1.1583392922741322,-0.7955199999629758,1,0,0,0,0,0,1,0.0,-0.3914906604590136,1.0292113729720584,-0.5623956003520136
2022-03-07,3120569.43,1.0087299493913109,3093562.7834615386,36889.32,30620.61,26696.25,16212.13,8309.55,19573.76,19304.57,14057.62,110418.31,61245.5,-0.6127854980732643,-0.41611451334516164,1.316632708078128,0.5144094097262893,0.9330827966625128,-1.0516618405880362,0,0,0,0,0,0,0,0.0,-0.25070978448044046,1.0928161521233324,-0.5967602264046475
2022-03-14,3074141.12,0.9937219106832522,3093562.7834615386,48807.37,39074.05,32066.16,22331.89,12077.81,23291.29,27224.71,22228.51,142279.47,84822.31999999999,-0.20533934421756744,-0.6230029712221657,1.367246195887904,0.35072962629578025,0.6535229606769494,-1.24605470692623,0,0,0,0,0,0,0,0.0857142857142857,-0.0009066813130720997,0.990967993102622,-0.5871856329688165
2022-03-21,3081590.36,0.9961298915523732,3093562.7834615386,60051.43,44583.14,31927.34,16882.35,11038.15,32749.84,38067.77,17866.559999999998,153444.26,99722.31999999999,0.10213756480705047,-0.2419248572367441,1.3979125572607365,0.18209531757282774,0.3359067858262629,-1.3674011921753029,1,0,0,0,0,0,1,0.0,0.2569545864725984,0.7067592963887,-0.7221206009249468
2022-03-28,3069932.72,0.9923615374519416,3093562.7834615386,52266.61,45645.11,37622.52,19371.93,12539.98,20869.84,27657.95,19539.01,154906.16999999998,80606.78,0.2404311579752678,0.22305546060607004,1.4081846075931772,0.010965551510006246,-0.0013070302950443746,-1.408649079689104,1,0,0,0,0,0,0,0.0,0.28421014326979704,0.5524439039330775,-0.6812244692726764
2022-04-04,3131012.59,1.0121057205428872,3093562.7834615386,43791.7,32638.61,30114.8,14886.93,7568.48,17987.9,20277.83,14150.26,121432.04,59984.47,-0.1556210336164039,0.09157434559841769,1.3979125572607365,-0.1601642145528145,-0.3385208464163504,-1.3674011921753029,1,0,0,0,1,1,0,0.0,0.49277440397879496,0.37639016923588003,-0.7417151177238569
2022-04-11,3071054.0,0.9927239933251484,3093562.7834615386,39280.25,31432.61,25624.63,14426.21,10159.7,21038.65,22625.18,13135.21,110763.70000000001,66958.74,-0.4751227344065789,-0.3817654254448161,1.367246195887904,-0.3287985232757666,-0.6561370212670359,-1.2460547069262309,0,0,0,0,1,1,0,0.0428571428571428,0.6001375972755859,0.25199854418686846,-0.38270497470746406
2022-04-18,3079957.05,0.9956019210166748,3093562.7834615386,35931.15,29703.65,25423.39,14267.49,5919.0,18889.0,18309.37,15191.73,105325.68000000001,58309.09999999999,-0.6890124967440953,-0.4861313906112944,1.316632708078128,-0.49247830670627624,-0.9356968572526002,-1.0516618405880362,0,0,0,0,0,0,0,0.0571428571428571,0.8174710371280303,-0.011679495965565497,-0.6113818923492887
2022-04-25,3075497.68,0.9941604212598768,3093562.7834615386,48724.36,35400.26,30801.28,18023.72,10356.13,22533.8,28037.81,20555.21,132949.62,81482.95000000001,-0.36675020836060296,-0.7216238158710548,1.2468101524553235,-0.6488167450271534,-1.1609533528642197,-0.7955199999629762,1,0,0,0,0,0,1,0.0,0.9447426371288628,-0.044018634732352235,-0.6467113999109598
2022-05-02,3081952.44,0.9962469345947628,3093562.7834615386,67253.08,57594.67,42927.75,23972.72,13458.95,25955.83,37505.77,22896.97,191748.22,99817.52,0.53957838482622,-0.35557948543600193,1.1587966991071734,-0.7955340717641751,-1.3188154193509942,-0.4925152177904709,1,0,0,0,0,0,0,0.0,1.0198731719524448,-0.06280485642260225,-0.7195970646705417
2022-05-09,3086944.27,0.9978605530500556,3093562.7834615386,38394.8,31106.6,21825.22,13369.62,8619.66,17656.87,20371.92,12509.02,104696.23999999999,59157.47,-0.25958624045773177,0.17212841925020045,1.0538757823725309,-0.9304908179148688,-1.4001086872139767,-0.16025703063281627,0,0,0,0,0,0,0,0.0,1.1504628397372834,-0.44470190592582154,-0.6377305797114593
2022-05-16,3086588.16,0.9977454398214172,3093562.7834615386,43425.65,28729.21,21953.66,12326.59,8053.98,19079.75,17720.57,19564.48,106435.11,64418.78,-0.5825926137592641,-0.355093140671667,0.933577385478715,-1.051719010224231,-1.4001086872139767,0.18194492338175663,0,0,0,0,0,0,1,0.0,1.1715562706498979,-0.6551075888566196,-0.5787243643511054
2022-05-23,3092290.55,0.999588748135858,3093562.7834615386,34854.82,34646.62,23517.3,14563.61,7731.92,21984.33,21746.91,15337.88,107582.35,66801.04000000001,-0.6989809846792393,-0.5251541465358365,0.7996557299408368,-1.157450868666276,-1.3188154193509942,0.5142031105394111,1,0,0,0,0,0,0,0.0,1.365900240856009,-0.5900267494296829,-0.6168742947853469
2022-05-30,3077180.71,0.994704463879279,3093562.7834615386,46370.29,40501.69,27096.26,14833.76,6347.4,20157.36,19928.35,18224.46,128802.0,64657.57,-0.43050917805544703,-0.5618767198660659,0.6540636950619438,-1.2461445846575077,-1.1609533528642206,0.8172078927119153,1,0,0,0,0,0,1,0.0,1.330112509757079,-0.9665563070214023,1.0413116893224128
2022-06-06,3090500.72,0.9990101822151763,3093562.7834615386,52445.02,48548.42,41851.2,25335.28,14280.19,26018.59,26159.95,27492.04,168179.91999999998,93950.77,0.21407582220068583,-0.6253987857514329,0.4989243405552797,-1.3165068040979206,-0.9356968572526011,1.0733497333369764,0,0,0,0,0,0,0,0.0,1.4159082624578259,-0.9369009142103658,1.7678674656274518
2022-06-13,3078424.96,0.99510667003674,3093562.7834615386,48780.42,39148.64,33650.63,15771.65,9038.18,21353.49,24178.32,18834.86,137351.34,73404.85,0.05167909805195787,-0.06373490445431505,0.3364999475529547,-1.3675114873861527,-0.6561370212670364,1.2677425996751714,0,0,0,0,0,0,0,0.0,1.439845751471018,-1.062097663046101,1.685555650741121
2022-06-20,3114506.95,1.0067702413057305,3093562.7834615386,52763.45,41288.41,32562.11,20800.72,9169.09,22977.35,27819.27,16684.67,147414.69,76650.37999999999,0.12139530313172854,-0.19399003589407307,0.16915902945282368,-1.3984148713873175,-0.33852084641635094,1.3890890849242437,1,0,0,0,0,0,0,0.0857142857142857,1.3267944419730728,-0.9458914631621277,1.7343192777747722
2022-06-27,3109687.69,1.0052124064281696,3093562.7834615386,52390.38,38630.73,30583.68,15005.26,9341.22,24444.39,24965.72,14840.66,136610.05,73591.99,0.003767979732869743,-0.19561450333652466,-0.0006582063402838365,-1.4087663151743177,-0.0013070302950430152,1.430336972438045,1,1,0,0,0,1,1,0.0,1.3561830423457044,-1.5373890718094199,1.7760318476269978
2022-07-04,3060107.85,0.989185629708118,3093562.7834615386,66043.63,49123.39,44975.77,26759.61,13103.89,35858.62,42500.69,23298.12,186902.4,114761.31999999999,0.6113132078260951,-0.2571817511307065,-0.17047544213339016,-1.3984148713873175,0.33590678582626243,1.3890890849242437,1,1,0,0,0,1,1,0.0,1.2924287399244307,-1.1231528835394127,1.7356552675565162
2022-07-11,3098996.2,1.0017563621360812,3093562.7834615386,62934.92,44457.53,45504.18,21949.9,13137.26,24656.3,39798.22,24725.94,174846.53,102317.72,0.693451328701767,0.48950285132953114,-0.33781636023352113,-1.3675114873861527,0.6535229606769478,1.2677425996751719,0,1,0,0,0,1,0,0.0,1.2343625537043124,-1.2009815162561617,1.7452298609923476
2022-07-18,3090648.75,0.9990580331916594,3093562.7834615386,80877.57,54040.99,46786.6,26545.62,16777.23,36593.69,32562.53,32877.85,208250.78,118811.3,1.1210784953996182,0.619452472355273,-0.5002407532358463,-1.3165068040979206,0.9330827966625128,1.0733497333369768,0,1,0,0,0,1,0,0.0,1.0983217745600333,-1.5608718489222322,1.702255523012919
2022-07-25,3096410.26,1.00092045215752,3093562.7834615386,75000.14,54096.43,45184.67,30527.09,17940.37,43840.44,46126.09,29299.26,204808.33000000002,137206.16,1.2459959625513504,0.9627927989937832,-0.6553801077425093,-1.2461445846575083,1.1583392922741313,0.8172078927119181,1,1,0,0,0,1,0,0.0,1.0430996464404922,-1.3570413435830222,1.824424366387942
2022-08-01,3088268.88,0.9982887357289658,3093562.7834615386,39884.73,33716.869999999995,30185.17,13675.11,10016.16,20274.52,23353.97,20747.91,117461.88,74392.56000000001,0.23844921102141806,1.418884348909601,-0.8009721426214033,-1.157450868666276,1.3162013587609065,0.5142031105394118,1,1,0,0,0,1,0,0.0,0.9402395451362824,-1.395016348856884,1.7326864013748629
2022-08-08,3069749.39,0.9923022756839308,3093562.7834615386,43521.67,35333.81,24652.88,16686.04,9715.74,20188.83,23814.41,16892.14,120194.4,70611.12000000001,-0.17372849864883308,0.6209873466286199,-0.9348937981592815,-1.0517190102242313,1.397494626623889,0.18194492338175725,0,1,0,0,0,1,0,0.0,0.8499407004429543,-1.2377488358499367,1.795181034498659
2022-08-15,3094679.6,1.000361013050853,3093562.7834615386,36273.71,37216.44,25243.91,14932.37,6714.88,21338.59,24885.5,16834.8,113666.43,69773.77,-0.4403634016434551,0.11159764045262069,-1.0551921950530974,-0.9304908179148689,1.397494626623889,-0.16025703063281554,0,1,0,0,0,1,0,0.0285714285714285,0.687355379026621,-1.196284960833599,1.770465223536398
2022-08-22,3099185.66,1.001817605438145,3093562.7834615386,60881.84,45552.08,48651.06,27809.49,13450.73,35209.07,34146.3,29373.379999999997,182894.47,112179.48,0.40162203003978064,-0.17516978331976762,-1.1601131117877401,-0.7955340717641753,1.3162013587609065,-0.4925152177904702,1,0,0,0,0,1,1,0.0857142857142857,0.5415974013720382,-1.2895451327959104,1.6712308714146449
2022-08-29,3088581.36,0.9983897454778776,3093562.7834615386,47029.06,34549.07,30297.67,24130.96,9090.34,24837.85,31868.54,18115.35,136006.76,83912.07999999999,0.11124958110415943,0.48033401858519986,-1.2481265651358897,-0.6488167450271543,1.1583392922741331,-0.7955199999629744,1,0,0,0,0,1,0,0.0,0.2906092739960955,-1.0167423563939266,0.3558747096332694
2022-09-05,3076328.13,0.9944288657874744,3093562.7834615386,38103.99,29088.07,26255.65,11696.09,10196.85,18461.61,19446.3,20770.04,105143.79999999999,68874.8,-0.44303114838504115,0.28509429349618143,-1.3179491207586949,-0.49247830670627696,0.9330827966625134,-1.0516618405880356,1,0,0,0,0,0,0,0.0,0.17092182893013697,-1.1259708167929507,-0.6760289534547834
2022-09-12,3092138.72,0.9995396688022136,3093562.7834615386,66873.78,39968.49,41370.66,20508.36,12313.54,30186.96,26521.8,21088.98,168721.28999999998,90111.28,0.21666763076754808,-0.10148613393910148,-1.368562608568471,-0.3287985232757669,0.6535229606769487,-1.2460547069262307,0,0,0,0,0,0,1,0.0,-0.004461753938793203,-0.7887581374529675,-0.5464379446256287
2022-09-19,3143914.1,1.0162761579650634,3093562.7834615386,33982.88,31812.53,28157.72,11517.05,8407.64,24489.89,22798.75,15180.01,105470.18000000001,70876.29000000001,-0.3922464061139719,0.10991082535393548,-1.3992289699413032,-0.16016421455281551,0.33590678582626443,-1.3674011921753024,1,0,0,0,0,0,1,0.0,-0.16586205114655275,-0.9320701714900157,-0.4164758275237673
2022-09-26,3102521.4,1.002895889679807,3093562.7834615386,40440.31,34975.57,26782.85,17485.63,11444.56,19418.18,19566.1,22511.82,119684.36000000002,72940.66,-0.44235481661689907,-0.15435311382448302,-1.4095010202737441,0.010965551510006213,-0.0013070302950434038,-1.408649079689104,1,0,0,0,0,0,0,0.0,-0.3061689174416962,-0.6552417761544068,-0.7017096459260823
2022-10-03,3079041.46,0.9953059548236192,3093562.7834615386,42601.63,39119.12,25945.2,14094.73,8781.26,20152.27,24891.78,18592.85,121760.68,72418.16,-0.432273153596208,-0.24929504852364745,-1.3992289699413032,0.182095317572828,-0.3385208464163512,-1.3674011921753029,1,0,0,0,0,0,1,0.0,-0.510230086158114,-0.4781145430749092,-0.5119248752639121
2022-10-10,3111112.04,1.005672830250054,3093562.7834615386,40288.08,37552.12,24367.51,16350.49,9110.26,19289.42,17950.22,18483.94,118558.20000000001,64833.840000000004,-0.4749037771115031,-0.307784166410426,-1.368562608568471,0.3507296262957793,-0.6561370212670355,-1.246054706926231,0,0,0,0,0,0,0,0.0,-0.5901007178159914,-0.39773635170019717,-0.5973539996409781
2022-10-17,3120931.47,1.008846979503625,3093562.7834615386,49532.369999999995,37322.08,30265.19,16403.3,8383.71,28393.5,26657.07,22889.34,133522.94,86323.62,-0.2762294098741579,-0.4922479438834552,-1.3179491207586949,0.5144094097262893,-0.9356968572526003,-1.0516618405880362,0,0,0,0,0,0,0,0.0,-0.8079081673518657,-0.18491529740922535,-0.6442620853110961
2022-10-24,3103637.95,1.0032568165715996,3093562.7834615386,54075.95,44897.36,38687.3,18867.56,14171.07,31176.58,27391.8,19303.75,156528.16999999998,92043.20000000001,0.11651625684808055,-0.1503560266168757,-1.2481265651358906,0.6707478480471656,-1.1609533528642189,-0.7955199999629774,1,0,0,0,0,0,0,0.0,-0.8621822761045483,-0.031002466846965306,-0.5587587392794887
2022-10-31,3145788.8,1.0168821582731944,3093562.7834615386,71965.47,53748.83,52173.27,28034.29,10686.91,38678.24,36883.19,27538.11,205921.86,113786.45,0.8829976318901862,0.12278699716798303,-1.160113111787741,0.8174651747841868,-1.318815419350993,-0.4925152177904736,1,0,0,0,0,0,0,0.0,-1.0856778418415767,0.1211659288440581,-0.6893888512722222
2022-11-07,3079175.31,0.995349222088378,3093562.7834615386,81249.0,68051.73,64142.79,29755.53,20753.06,46990.76,47921.36,31037.51,243199.05,146702.69,1.5781472247626116,0.6448859220986103,-1.0551921950530974,0.952421920934882,-1.4001086872139767,-0.1602570306328154,0,0,0,0,0,0,0,0.0,-1.1548832556222899,0.45166924329466607,-0.46137992852126936
2022-11-14,3085428.87,0.9973706971440752,3093562.7834615386,71997.07,55251.12,56940.53,26683.94,16704.66,37822.9,37069.96,29503.1,210872.66,121100.62,1.4952934870451473,1.4210125298223684,-0.9348937981592825,1.0736501132442435,-1.4001086872139767,0.18194492338175494,0,0,1,0,0,0,1,0.0,-1.2743336958465343,0.49715873724462833,-0.528253639263004
2022-11-21,3111419.92,1.0057723530402962,3093562.7834615386,53355.01,39603.08,50553.99,22415.74,10420.98,30149.39,28616.72,24980.06,165927.82,94167.15,0.952745605677384,1.3910538458880153,-0.8009721426214038,1.1793819716862888,-1.3188154193509942,0.5142031105394108,1,0,1,0,0,0,1,0.0,-1.3409320563683849,0.6600621167586509,-0.6818924641635482
2022-11-28,3069111.39,0.9920960409815318,3093562.7834615386,94910.56,73849.24,70707.37,34201.840000000004,17747.2,46207.46,44433.68,33223.36,273669.01,141611.7,1.920702115344549,0.9426700860540675,-0.6553801077425099,1.2680756876775212,-1.1609533528642195,0.8172078927119172,1,0,1,1,0,0,1,0.0,-1.4378670366297257,0.5674728812852776,-0.7269450084701331
2022-12-05,3106167.95,1.004074643839734,3093562.7834615386,54322.03,45202.16,47918.21,21134.15,17446.89,35656.82,36639.92,28063.11,168576.55,117806.73999999999,1.1711192410077484,1.4774056937742976,-0.5002407532358466,1.3384379071179335,-0.9356968572526013,1.0733497333369761,1,0,0,1,0,0,0,0.0,-1.4433181479891655,0.7819041831496994,-0.5678880027880719
2022-12-12,3078071.88,0.994992536261312,3093562.7834615386,62702.31,55018.58,45320.82,24925.84,12400.34,40999.04,41870.56,24989.8,187967.55000000002,120259.74,1.0737878305331816,1.3682876759218832,-0.3378163602335217,1.3894425904061656,-0.6561370212670368,1.2677425996751712,0,0,0,1,0,0,0,0.0,-1.4715217241532232,1.2606844616554929,-0.7931507243209958
2022-12-19,3118972.68,1.0082137969445149,3093562.7834615386,65864.25,53353.96,48689.34,21736.5,11342.42,39749.92,39863.85,32133.88,189644.05,123090.06999999999,1.053920385747691,1.3514943778124522,-0.1704754421333913,1.4203459744073303,-0.3385208464163525,1.3890890849242432,1,0,0,1,0,1,1,0.0,-1.4096634604656681,1.2754450644121178,-0.513038200082032
2022-12-26,3122698.54,1.0094181882114124,3093562.7834615386,73539.43000000001,65735.95,63992.15,35650.619999999995,16412.41,39931.32,42563.62,30854.31,238918.15,129761.66,1.5946095326276593,1.3872269496698686,-0.0006582063402824772,1.4306974181943308,-0.0013070302950421088,1.430336972438045,1,0,0,0,0,1,1,0.0,-1.4336009494788597,1.2066069806471313,-0.6005455307862552
2023-01-02,3398300.25,1.002850342748946,3388641.460384615,78896.2,67969.64,50637.54,27456.79,23138.52,40726.14,38822.79,35155.26,224960.17,137842.71,1.6528706945489475,1.5076466750765323,0.16915902945282368,1.4203459744073303,0.33590678582626304,1.3890890849242437,1,1,0,0,0,0,0,0.0,-1.3205496399809142,1.359580500124879,-0.6442620853110961
2023-01-09,3371977.46,0.9950823949422126,3388641.460384615,78148.56999999999,49074.37,33196.65,23002.77,11910.38,35100.18,35535.05,28808.58,183422.36,111354.19000000002,1.2224316981315275,1.6881540535658077,0.3364999475529548,1.3894425904061656,0.6535229606769487,1.2677425996751712,0,1,0,0,0,0,0,0.0,-1.1397149457525444,1.563813567357451,-0.5113311020275814
2023-01-16,3384541.33,0.998790037118843,3388641.460384615,50623.119999999995,35080.16,35968.63,17060.78,11514.36,31110.84,38527.8,24724.74,138732.69,105877.74,0.5013113894917363,1.3765575789523774,0.49892434055527946,1.3384379071179335,0.9330827966625128,1.0733497333369768,0,1,0,0,0,0,1,0.0,-1.1859308898869247,1.3818555915576045,-0.6432229821475176
2023-01-23,3382116.49,0.9980744583158484,3388641.460384615,80184.88,50174.7,46316.36,34804.01,12928.62,28577.51,46579.83,27354.12,211479.95,115440.07999999999,1.0870666202119754,1.1270738128785773,0.6540636950619432,1.268075687677521,1.158339292274132,0.8172078927119167,1,1,0,0,0,0,0,0.0,-1.0415949412826295,1.3696445474589412,-0.7947093790663634
2023-01-30,3417486.43,1.0085122518722034,3388641.460384615,65809.74,38946.3,33142.69,24542.91,16739.89,29365.1,33627.24,22455.19,162441.64,102187.42,0.7362649285507472,1.1545202984022072,0.7996557299408368,1.1793819716862888,1.3162013587609065,0.5142031105394111,1,1,0,0,0,0,0,0.0,-0.9681234403510506,1.4669303383548773,-0.7078700432530123
2023-02-06,3375334.59,0.9960730957995464,3388641.460384615,63162.41,43506.19,39244.44,18916.87,11833.09,28747.67,34045.49,27675.89,164829.91,102302.13999999998,0.6201938537272279,0.9516946452350212,0.933577385478715,1.073650113244244,1.397494626623889,0.18194492338175636,0,1,0,0,0,0,0,0.0,-0.8235504869050405,1.336097723012067,-0.5840683234780809
2023-02-13,3364502.16,0.9928764076498446,3388641.460384615,52940.68,40663.25,27473.12,17180.84,12819.72,28581.87,30476.6,25079.22,138257.88999999998,96957.41,0.2331261915137648,0.8498241469637088,1.0538757823725307,0.952421920934882,1.397494626623889,-0.16025703063281527,0,0,0,0,0,0,0,0.0,-0.7685653636272142,1.4096323621996163,-0.5660324614245388
2023-02-20,3350684.69,0.9887988237090426,3388641.460384615,39059.13,35092.770000000004,32822.88,13123.73,8850.82,21941.14,17854.37,20176.02,120098.50999999998,68822.35,-0.1773345202735689,0.7067975786037839,1.1587966991071732,0.8174651747841882,1.3162013587609065,-0.4925152177904702,1,0,0,0,0,0,0,0.0,-0.536537623588453,1.2380068083294051,-0.552895228570724
2023-02-27,3350916.79,0.9888673172344608,3388641.460384615,35755.61,28442.34,25502.66,12886.5,8004.63,18146.01,17612.63,12637.01,102587.11,56400.28,-0.6050514911641087,0.1244927357922401,1.2468101524553232,0.6707478480471665,1.1583392922741322,-0.7955199999629758,1,0,0,0,0,0,0,0.0,-0.28839355431308833,1.2526332237882434,-0.5204603655361646
2023-03-06,3393195.88,1.0013440252291748,3388641.460384615,36307.26,37697.29,28608.23,13826.1,10193.37,22675.29,26395.62,19847.8,116438.88,79112.08,-0.5753075436497348,-0.4371634488583765,1.316632708078128,0.5144094097262893,0.9330827966625128,-1.0516618405880362,0,0,0,0,0,0,1,0.0,-0.23388244071869133,1.2918159147421922,-0.5891896176414323
2023-03-13,3369774.3,0.9944322346860284,3388641.460384615,49222.91,28920.1,23938.84,20556.49,8673.77,20547.4,20660.86,15849.23,122638.34000000001,65731.26000000001,-0.4722123305521807,-0.2667241714089256,1.367246195887904,0.35072962629578025,0.6535229606769494,-1.24605470692623,0,0,0,0,0,0,0,0.0857142857142857,-0.037405426937146574,0.7904921702080994,-0.7026745274351194
2023-03-20,3403015.73,1.004241897463461,3388641.460384615,51422.12,35921.99,44170.6,21558.17,9297.05,27730.22,25472.39,21042.12,153072.88,83541.78,-0.003534079310704623,-0.4526269946970771,1.3979125572607365,0.18209531757282774,0.3359067858262629,-1.3674011921753029,1,0,0,0,0,0,0,0.0,0.18300907585758952,0.7384274986665503,-0.5476254910982897
2023-03-27,3409056.52,1.006024555815081,3388641.460384615,39208.84,34681.5,27327.6,13950.93,9504.18,23403.97,23128.46,18883.65,115168.87,74920.26000000001,-0.3473611860488822,-0.18621234233927225,1.4081846075931772,0.010965551510006246,-0.0013070302950443746,-1.408649079689104,1,0,0,0,1,1,0,0.0,0.39086232204144367,0.8982445703314601,-0.6182845062216321
2023-04-03,3379011.26,0.9971580940334944,3388641.460384615,62851.78,43781.7,41263.08,19043.0,14987.88,25153.26,35247.99,24834.94,166939.56,100224.07,0.22807788207737578,-0.22599886897483226,1.3979125572607365,-0.1601642145528145,-0.3385208464163504,-1.3674011921753029,1,0,0,0,1,1,1,0.0,0.5041506363811038,0.49984248320037794,-0.4448284995585535
2023-04-10,3363306.27,0.9925234963094208,3388641.460384615,35573.75,30675.64,22952.46,12186.48,8124.08,14848.85,17279.04,13932.89,101388.32999999999,54184.86,-0.44639705056851536,0.23977187308133951,1.367246195887904,-0.3287985232757666,-0.6561370212670359,-1.2460547069262309,0,0,0,0,0,0,0,0.0285714285714285,0.6084327667356036,0.43489583107122926,-0.5305545105537848
2023-04-17,3385267.66,0.9990043796535996,3388641.460384615,50125.91,41218.53,31758.15,17922.68,13113.66,28533.02,28209.52,15862.34,141025.27,85718.54000000001,-0.15973627427110904,-0.419299401273256,1.316632708078128,-0.49247830670627624,-0.9356968572526002,-1.0516618405880362,0,0,0,0,0,0,0,0.0714285714285714,0.8549178021189641,0.2729317626417183,-0.6314959607299879
2023-04-24,3392549.7,1.001153335241003,3388641.460384615,42306.95,30876.84,27700.2,17206.15,7030.83,25394.16,23888.47,18197.8,118090.14,74511.26000000001,-0.37055755376801425,-0.12745642191628265,1.2468101524553235,-0.6488167450271534,-1.1609533528642197,-0.7955199999629762,1,0,0,0,0,0,1,0.0,0.876722247556723,0.028174131477322315,-0.5715248638605968
2023-05-01,3420296.22,1.0093414307726118,3388641.460384615,48893.7,39564.42,34446.38,22154.54,11148.68,26426.43,29441.9,21694.27,145059.04,88711.28,-0.07484394530217486,-0.20446953534195345,1.1587966991071734,-0.7955340717641751,-1.3188154193509942,-0.4925152177904709,1,0,0,0,0,0,0,0.0,0.8895205090093211,0.01502377629414677,-0.6768453916547381
2023-05-08,3397008.11,1.0024690276953747,3388641.460384615,58090.21,42890.97,35335.99,24141.28,11726.85,31580.54,37707.79,27358.04,160458.44999999998,108373.22,0.2448664181584335,0.03356957361509069,1.0538757823725309,-0.9304908179148688,-1.4001086872139767,-0.16025703063281627,0,0,0,0,0,0,0,0.0,1.171319265808183,-0.1378155558858137,-0.5347109232080993
2023-05-15,3403668.16,1.004434431848591,3388641.460384615,56880.48,38276.65,41684.96,19900.97,11083.01,26273.6,21776.63,22245.24,156743.06,81378.48,0.32055669147280347,0.5083552582308632,0.933577385478715,-1.051719010224231,-1.4001086872139767,0.18194492338175663,0,0,0,0,0,0,0,0.0,1.2545079652500677,-0.5414509476306079,-0.6283786512392525
2023-05-22,3399299.26,1.003145154109687,3388641.460384615,57837.49,43315.71,42612.25,20691.79,15000.33,27956.49,37640.13,22296.64,164457.24,102893.59,0.449372764525017,0.2529148383038773,0.7996557299408368,-1.157450868666276,-1.3188154193509942,0.5142031105394111,1,0,0,0,0,0,0,0.0,1.2383916360134628,-0.35332035613253576,-0.6754351802184528
2023-05-29,3345356.29,0.9872263941492052,3388641.460384615,49141.02,42013.64,29335.58,20475.11,9210.22,28948.71,28626.39,23495.9,140965.35,90281.22,0.19705829372330053,0.5147620947755939,0.6540636950619438,-1.2461445846575077,-1.1609533528642206,0.8172078927119153,1,0,0,0,0,0,1,0.0,1.3002498997010186,-0.6406153606955699,0.6707971898521148
2023-06-05,3411465.7,1.0067355132970588,3388641.460384615,53923.6,41651.19,38794.47,17808.64,12081.59,23231.98,33401.04,21145.03,152177.90000000002,89859.64,0.24208879872065897,0.4185666872405445,0.4989243405552797,-1.3165068040979206,-0.9356968572526011,1.0733497333369764,1,0,0,0,0,0,0,0.0,1.3540499987702708,-0.9366325396147899,1.7208109366482507
2023-06-12,3389047.89,1.0001199388073765,3388641.460384615,66992.35,48911.63,38278.43,19169.52,11199.53,26985.14,32446.02,21680.99,173351.93,92311.68000000001,0.5313134791818864,0.3622833011422922,0.3364999475529547,-1.3675114873861527,-0.6561370212670364,1.2677425996751714,0,0,0,0,0,0,0,0.0,1.3047529916935983,-1.031637146448339,1.8560427912225466
2023-06-19,3421740.84,1.0097677432098786,3388641.460384615,60134.14,54488.9,57707.69,32822.6,21768.86,28998.44,43637.4,34810.97,205153.33000000002,129215.67,1.024778648498838,0.3785406032096551,0.16915902945282368,-1.3984148713873175,-0.33852084641635094,1.3890890849242437,1,0,0,0,0,0,1,0.0857142857142857,1.3974218848040743,-1.1035615380624382,1.643620415925272
2023-06-26,3382083.74,0.9980647936757904,3388641.460384615,58033.02,54134.97,39951.82,22766.99,9943.11,26499.44,28453.88,22817.37,174886.8,87713.8,0.8603816586109928,1.0227617950900516,-0.0006582063402838365,-1.4087663151743177,-0.0013070302950430152,1.430336972438045,1,1,0,0,0,1,1,0.0,1.3440957954182506,-1.236272775574274,1.8014898751346715
2023-07-03,3375009.02,0.9959770189487476,3388641.460384615,69918.65,48642.77,41162.88,33532.32,17858.43,33768.46,36814.91,35731.77,193256.62,124173.56999999998,1.0114283206232384,0.6366224245010731,-0.17047544213339016,-1.3984148713873175,0.33590678582626243,1.3890890849242437,1,1,0,0,0,1,0,0.0,1.293613764133005,-1.235870213680911,1.7336512828839004
2023-07-10,3372757.12,0.9953124753473293,3388641.460384615,70806.91,46517.19,39206.45,18330.72,16446.14,36219.66,39117.69,28762.89,174861.27000000002,120546.38,0.8546049049113537,1.0591522905150281,-0.33781636023352113,-1.3675114873861527,0.6535229606769478,1.2677425996751719,0,1,0,0,0,1,0,0.0,1.2575890281923594,-1.4764680386138953,1.6970600071950266
2023-07-17,3360077.36,0.991570633624552,3388641.460384615,85077.88,56924.29,46739.97,26419.18,17147.55,37230.98,48884.19,31105.39,215161.32,134368.11000000002,1.2600916271184006,1.2029305604076714,-0.5002407532358463,-1.3165068040979206,0.9330827966625128,1.0733497333369768,0,1,0,0,0,1,0,0.0,1.1736893142253304,-1.0500208062452265,1.5274635265680967
2023-07-24,3395574.07,1.0020458374532777,3388641.460384615,80576.39,56642.98,39395.36,24165.01,17952.3,44778.12,39826.81,28866.21,200779.74,131423.43999999997,1.2557516750164763,1.4887060621610615,-0.6553801077425093,-1.2461445846575083,1.1583392922741313,0.8172078927119181,1,1,0,0,0,1,0,0.0,1.1011658326606109,-1.3287278237498603,1.6055447071455713
2023-07-31,3390216.37,1.0004647613605029,3388641.460384615,85518.31,49724.05,46050.23,35610.79,14927.42,33572.6,40773.47,23567.78,216903.38,112841.27,1.432962641207958,1.5827860022350677,-0.8009721426214033,-1.157450868666276,1.3162013587609065,0.5142031105394118,1,1,0,0,0,1,0,0.0,1.0355154915056195,-1.268343539745486,1.6707855414873978
2023-08-07,3405781.9,1.0050582039486229,3388641.460384615,37564.1,40512.84,33722.17,19404.13,9246.51,19272.35,19455.51,22407.31,131203.24,70381.68,0.5018188466132918,1.3448371698228034,-0.9348937981592815,-1.0517190102242313,1.397494626623889,0.18194492338175725,0,1,0,0,0,1,0,0.0,0.821026109753752,-1.211984874674737,1.6694495517056538
2023-08-14,3395236.38,1.0019461839478987,3388641.460384615,59788.76,59550.77,63510.6,25026.07,11212.55,30685.31,29133.67,28764.7,207876.2,99796.23,1.0455392992962458,0.5084222717812644,-1.0551921950530974,-0.9304908179148689,1.397494626623889,-0.16025703063281554,0,1,0,0,0,1,0,0.0142857142857142,0.6205200136630568,-1.343354239208698,1.6080682433999776
2023-08-21,3385481.52,0.9990674904909366,3388641.460384615,46380.02,34697.41,34851.97,14469.59,11313.48,22859.54,25233.59,17335.18,130398.98999999999,76741.79000000001,0.3157559990258333,0.5846022488009753,-1.1601131117877401,-0.7955340717641753,1.3162013587609065,-0.4925152177904702,1,0,0,0,0,1,0,0.1,0.5935014617075731,-1.2631102351317733,1.6677424536512027
2023-08-28,3405006.64,1.0048294219989646,3388641.460384615,59396.66,46243.15,41501.83,16079.29,10801.38,24175.07,27863.77,20958.78,163220.93,83799.0,0.43175356223871547,0.20698380740513111,-1.2481265651358897,-0.6488167450271543,1.1583392922741331,-0.7955199999629744,1,0,0,0,0,1,1,0.0,0.39844647697631647,-1.092692366941651,0.9042242933845843
2023-09-04,3365300.62,0.9931120360010096,3388641.460384615,51734.31,41769.9,36156.51,20572.56,13153.49,27126.91,23440.42,19576.23,150233.28,83297.05,0.3111394124618822,0.14359945371169272,-1.3179491207586949,-0.49247830670627696,0.9330827966625134,-1.0516618405880356,1,0,0,0,0,0,0,0.0,0.2951123659886759,-0.9225428733471027,-0.483646424883667
2023-09-11,3382203.66,0.9981001824890956,3388641.460384615,52910.35,42818.4,40577.24,17287.46,12266.84,27970.0,30592.55,26055.88,153593.44999999998,96885.27,0.3060594210304833,0.10219863196881236,-1.368562608568471,-0.3287985232757669,0.6535229606769487,-1.2460547069262307,0,0,0,0,0,0,0,0.0,0.040332161145297765,-1.146233098758863,-0.6300115276391614
2023-09-18,3418199.34,1.0087226341178124,3388641.460384615,47345.54,39893.57,33470.45,16110.89,11916.24,20795.94,22020.73,16769.04,136820.45,71501.95,0.08241515661880477,0.33407013391827795,-1.3992289699413032,-0.16016421455281551,0.33590678582626443,-1.3674011921753024,0,0,0,0,0,0,0,0.0,-0.15306378969395465,-0.5666781596146581,-0.6133116553673632
2023-09-25,3381751.41,0.9979667219252424,3388641.460384615,76575.5,62616.25,47452.78,24591.88,17459.85,37599.42,33090.3,31097.23,211236.41,119246.79999999999,0.9339372412481072,-0.024665846680330537,-1.4095010202737441,0.010965551510006213,-0.0013070302950434038,-1.408649079689104,1,0,0,0,0,0,0,0.0,-0.4061849606453297,-1.042640504866914,-0.6242964602394795
2023-10-02,3381914.15,0.9980147470709836,3388641.460384615,47258.18,33950.19,27925.24,20052.22,6882.85,20357.39,30759.76,21436.19,129185.83,79436.19,0.2502541236873305,0.6724963223080171,-1.3992289699413032,0.182095317572828,-0.3385208464163512,-1.3674011921753029,1,0,0,0,0,0,0,0.0,-0.4576150112974347,-0.45396082947315924,-0.47481404799324933
2023-10-09,3442027.42,1.0157543842390824,3388641.460384615,34964.14,29816.15,18963.35,11974.76,6550.0199999999995,18287.88,17790.81,14438.17,95718.4,57066.88,-0.5195028976416165,0.3032413078553538,-1.368562608568471,0.3507296262957793,-0.6561370212670355,-1.246054706926231,0,0,0,0,0,0,0,0.0,-0.7718834314112205,-0.18786741796055087,-0.5580907443886169
2023-10-16,3355339.49,0.9901724715423758,3388641.460384615,71115.98,60282.45,51251.39,22850.77,19116.6,31390.94,38631.58,31353.33,205500.58999999997,120492.45000000001,0.6582741186800388,-0.3257698999389683,-1.3179491207586949,0.5144094097262893,-0.9356968572526003,-1.0516618405880362,0,0,0,0,0,0,0,0.0,-0.7894217896981135,-0.20517757937513748,-0.5882247361323951
2023-10-23,3413486.53,1.0073318673296774,3388641.460384615,67488.73,43608.82,36287.07,20268.07,14265.6,30503.58,26288.2,22085.29,167652.69,93142.67000000001,0.6235897140335495,0.5607679662135494,-1.2481265651358906,0.6707478480471656,-1.1609533528642189,-0.7955199999629774,1,0,0,0,0,0,0,0.0,-0.8766395714491488,0.029650191752984407,-0.5518561254071455
2023-10-30,3416307.71,1.0081644074591014,3388641.460384615,61505.45,45894.97,37304.53,21016.62,13510.34,27606.68,25638.5,23306.35,165721.57,90061.87,0.5856661920672341,0.49310030658032905,-1.160113111787741,0.8174651747841868,-1.318815419350993,-0.4925152177904736,1,0,0,0,0,0,1,0.0,-0.9221445010583851,0.24032424927935636,-0.4723647333933853
2023-11-06,3399039.96,1.0030686337687094,3388641.460384615,78726.19,71777.61,66090.84,25413.25,21041.73,51224.24,43324.61,30532.96,242007.88999999998,146123.54,1.4596696431602598,0.4036270320904589,-1.0551921950530974,0.952421920934882,-1.4001086872139767,-0.1602570306328154,0,0,0,0,0,0,0,0.0,-1.1243096310410843,0.21657309757096893,-0.6080419178949291
2023-11-13,3371882.33,0.9950543217450002,3388641.460384615,79993.0,56651.53,58297.66,23056.32,17107.98,35857.29,45569.71,25473.03,217998.51,124008.01,1.5249544042326706,1.30578221689915,-0.9348937981592825,1.0736501132442435,-1.4001086872139767,0.18194492338175494,0,0,0,0,0,0,1,0.0,-1.3307408481746497,0.570693376432177,-0.43087482850478476
2023-11-20,3387763.02,0.9997407691563464,3388641.460384615,69616.12,55643.86,52305.22,20478.52,17656.6,35874.11,37575.27,27689.73,198043.72,118795.70999999999,1.3326998311656655,1.378837445062025,-0.8009721426214038,1.1793819716862888,-1.3188154193509942,0.5142031105394108,1,0,1,0,0,0,1,0.0,-1.3236307029232064,0.6976345601391503,-0.7066082751258098
2023-11-27,3391925.83,1.0009692290122107,3388641.460384615,74756.64,51983.56,54075.2,30127.66,15894.88,43050.94,38426.36,33763.67,210943.06,131135.85,1.3977463992573922,1.3338811339267507,-0.6553801077425099,1.2680756876775212,-1.1609533528642195,0.8172078927119172,1,0,1,1,0,0,1,0.0,-1.3494642306701163,0.8590618793775107,-0.6871622016359825
2023-12-04,3365680.78,0.993224222552595,3388641.460384615,112119.64,83378.33,70061.03,26875.14,25098.9,41975.34,50356.38,35130.6,292434.14,152561.22,2.2615752165623064,1.5025357562669375,-0.5002407532358466,1.3384379071179335,-0.9356968572526013,1.0733497333369761,1,0,0,1,0,0,0,0.0,-1.4260167945439872,0.8225629343793116,-0.5960180098592343
2023-12-11,3409997.62,1.0063022777313717,3388641.460384615,65814.57,53531.44,46942.08,26926.97,13178.82,34855.74,32421.52,23899.27,193215.06,104355.35,1.5946943781051448,1.900772002568881,-0.3378163602335217,1.3894425904061656,-0.6561370212670368,1.2677425996751712,0,0,0,1,0,0,0,0.0,-1.3835929278770434,0.9772808887282967,-0.7163313118707235
2023-12-18,3412384.57,1.0070066750622504,3388641.460384615,55506.130000000005,37040.83,37210.39,17404.0,9418.41,30385.44,28678.53,17633.01,147161.35,86115.39,0.7728143087137662,1.380864998902932,-0.1704754421333913,1.4203459744073303,-0.3385208464163525,1.3890890849242432,0,0,0,1,0,1,0,0.0,-1.4331269397954303,1.2278085736975557,-0.5416135370804427
2023-12-25,3368007.4,0.9939108162885212,3388641.460384615,62622.4,47066.61,41667.47,22902.68,15701.88,35029.49,32650.6,22240.63,174259.16,105622.6,0.7505973796634866,0.8018133981543132,-0.0006582063402824772,1.4306974181943308,-0.0013070302950421088,1.430336972438045,1,0,0,0,0,1,1,0.0,-1.3940211409124932,1.3114072602191673,-0.5681848894062371
2024-01-01,3855944.5,1.0096133052463911,3819229.085,94801.38,63672.19,55761.61,28936.72,16222.5,35886.28,47599.52,30130.7,243171.90000000002,129838.99999999999,1.5304964085330317,0.8305543837094359,0.16915902945282368,1.4203459744073303,0.33590678582626304,1.3890890849242437,1,1,0,0,0,0,0,0.0,-1.3108324414706087,1.2444477986232052,-0.5778337044966095
2024-01-08,3831157.05,1.00312313420707,3819229.085,103891.9,71061.49,61315.19,29758.39,23205.42,45368.94,54406.32,43705.92,266026.97000000003,166686.59999999998,2.0502709732260676,1.241464067086444,0.3364999475529548,1.3894425904061656,0.6535229606769487,1.2677425996751712,0,1,0,0,0,0,0,0.0,-1.2980341800180115,1.151053439363107,-0.560168950715774
2024-01-15,3779005.75,0.9894682057282248,3819229.085,56519.880000000005,42142.68,37330.76,23802.95,10216.07,24104.85,27461.28,24312.77,159796.27,86094.97,1.1295963905828161,1.9828891776722573,0.49892434055527946,1.3384379071179335,0.9330827966625128,1.0733497333369768,0,1,0,0,0,0,0,0.0,-1.1752656720097596,1.3668266142054035,-0.5566063112977904
2024-01-22,3837813.09,1.0048659047641286,3819229.085,67035.99,48005.98,32428.94,19392.63,12130.7,31952.1,33242.74,17479.94,166863.54,94805.48,0.8076855696798432,1.1369806568469356,0.6540636950619432,1.268075687677521,1.158339292274132,0.8172078927119167,1,1,0,0,0,0,0,0.0,-1.021449529736874,1.1325355922684321,-0.510737328791251
2024-01-29,3810281.84,0.9976573164895658,3819229.085,86555.25,55969.01,48972.66,32031.67,16950.35,41238.82,44618.61,32493.05,223528.59,135300.83,1.336113815088977,0.8187256090898035,0.7996557299408368,1.1793819716862888,1.3162013587609065,0.5142031105394111,1,1,0,0,0,0,1,0.0,-0.9422899126041406,1.437409132841628,-0.5713764205515142
2024-02-05,3801555.3,0.9953724208193184,3819229.085,55090.25,50855.44,39795.33,18165.48,11028.58,25851.11,23458.71,17905.5,163906.5,78243.90000000001,0.8599910259139755,1.3222208005435778,0.933577385478715,1.073650113244244,1.397494626623889,0.18194492338175636,1,1,0,0,0,0,0,0.0,-0.971441508135057,1.4741764524354017,-0.6654894785099152
2024-02-12,3805153.98,0.9963146738028154,3819229.085,52197.76,38581.88,35504.37,19854.64,13899.58,23988.47,28904.75,23666.88,146138.65,90459.68000000001,0.4370291788177519,0.6340731423973165,1.0538757823725307,0.952421920934882,1.397494626623889,-0.16025703063281527,0,0,0,0,0,0,0,0.0,-0.7031520273139371,1.4549876688517906,-0.6797400361818497
2024-02-19,3846860.04,1.0072346943283712,3819229.085,51737.76,39385.07,31284.11,17637.72,8612.98,27464.66,27039.120000000003,22535.22,140044.66,85651.98,0.17975247729507304,0.48255442262401216,1.1587966991071732,0.8174651747841882,1.3162013587609065,-0.4925152177904702,1,0,0,0,0,0,0,0.0,-0.5336935654878763,1.30590558100988,-0.6368399198569632
2024-02-26,3834556.81,1.0040133033810932,3819229.085,65110.83,44853.41,36067.630000000005,22601.33,13853.3,27976.48,31994.51,20778.54,168633.2,94602.83,0.4478008122507673,0.3181320564442936,1.2468101524553232,0.6707478480471665,1.1583392922741322,-0.7955199999629758,1,0,0,0,0,0,0,0.0,-0.4450537546865519,1.4379458820327773,-0.5857754215325313
2024-03-04,3832536.48,1.0034843144267689,3819229.085,65753.28,41740.77,38857.07,27061.82,16964.829999999998,34221.93,36194.74,30584.44,173412.94,117965.94,0.6115849536409944,0.39807872837806735,1.316632708078128,0.5144094097262893,0.9330827966625128,-1.0516618405880362,1,0,0,0,0,0,0,0.0,-0.18932553047631473,1.0096200274950835,-0.5143741898637761
2024-03-11,3798079.13,0.9944622449899468,3819229.085,57672.15,47580.47,40166.8,26982.39,12554.01,26565.36,40017.7,21020.71,172401.81,100157.77999999998,0.6635477509444918,0.8444040598624769,1.367246195887904,0.35072962629578025,0.6535229606769494,-1.24605470692623,0,0,0,0,0,0,0,0.0571428571428571,-0.05755083848290244,1.0497420295335458,-0.5994322059681354
2024-03-18,3809838.78,0.9975413087848328,3819229.085,56279.130000000005,48201.77,39895.11,23562.28,14537.76,27806.49,27552.34,18391.61,167938.28999999998,88288.2,0.6292440193219556,0.7589898293988202,1.3979125572607365,0.18209531757282774,0.3359067858262629,-1.3674011921753029,0,0,0,0,1,1,1,0.0285714285714285,0.18585313395816688,0.8681866156270611,-0.5488872592254924
2024-03-25,3834467.4,1.0039898928974562,3819229.085,69976.3,47373.16,53256.82,20329.99,15129.47,23969.78,35620.01,24461.629999999997,190936.27000000002,99180.89,0.894518349715394,0.5082978259455303,1.4081846075931772,0.010965551510006246,-0.0013070302950443746,-1.408649079689104,1,0,0,0,1,1,0,0.0,0.24012724271084981,0.90522230981641,-0.4889161623561011
2024-04-01,3844364.86,1.0065813739999836,3819229.085,45656.65,36222.86,36684.130000000005,13911.54,12362.57,21259.03,24962.55,21825.94,132475.18000000002,80410.09,0.2758552564754233,0.5737257284506594,1.3979125572607365,-0.1601642145528145,-0.3385208464163504,-1.3674011921753029,1,0,0,0,0,0,0,0.0,0.49751450081309034,0.7354753781152249,-0.5154875146818959
2024-04-08,3835707.36,1.0043145552762778,3819229.085,61222.03,40199.1,38116.55,20836.85,11458.66,32703.25,30502.33,23407.65,160374.53000000003,98071.89000000001,0.3796395932737624,0.2691578112522046,1.367246195887904,-0.3287985232757666,-0.6561370212670359,-1.2460547069262309,0,0,0,0,0,0,0,0.0,0.5017805879639564,0.19778687588071958,-0.5585360743158647
2024-04-15,3811103.34,0.997872412254108,3819229.085,42061.11,34803.38,31996.16,14144.77,11383.62,21598.9,24143.34,18162.98,123005.42,75288.84,-0.07444752852762311,0.43653596207762135,1.316632708078128,-0.49247830670627624,-0.9356968572526002,-1.0516618405880362,0,0,0,0,0,0,0,0.1,0.7582198266993382,0.2697112674948189,-0.5091044523913418
2024-04-22,3819955.68,1.000190246508871,3819229.085,57096.63,41802.96,40124.6,20071.07,10979.39,27334.12,29297.85,25895.72,159095.26,93507.08,0.22712227945252517,0.10159306014554327,1.2468101524553235,-0.6488167450271534,-1.1609533528642197,-0.7955199999629762,1,0,0,0,0,0,0,0.0,0.9077698818213583,0.059976521052958594,-0.5441370733348474
2024-04-29,3822900.92,1.0009614073726083,3819229.085,64334.37,58103.0,47654.74,21769.3,14969.15,34724.37,34004.77,28461.29,191861.40999999997,112159.57999999999,0.7541320393412488,0.27185848442128885,1.1587966991071734,-0.7955340717641751,-1.3188154193509942,-0.4925152177904709,1,0,0,0,0,0,0,0.0,1.0724882468131234,-0.055424555044289794,-0.6034401753133668
2024-05-06,3815190.51,0.9989425680130418,3819229.085,65686.73,47354.17,40772.22,23400.48,14545.12,26078.67,29316.2,24388.94,177213.6,94328.93,0.7789232405133543,0.6860849963333693,1.0538757823725309,-0.9304908179148688,-1.4001086872139767,-0.16025703063281627,0,0,0,0,0,0,0,0.0,1.0933446728840237,-0.08897137949116406,-0.4988618640646389
2024-05-13,3819171.45,0.9999849092581992,3819229.085,48663.41,36296.68,33175.44,20382.05,10121.24,18148.67,29723.88,18807.1,138517.58000000002,76800.89,0.3042965170926824,0.5775918204849138,0.933577385478715,-1.051719010224231,-1.4001086872139767,0.18194492338175663,0,0,0,0,0,0,0,0.0,1.2919547302410015,-0.3329238868688364,-0.6418869923657738
2024-05-20,3805853.41,0.996497807619728,3819229.085,70730.27,57844.13,48937.68,31946.42,19964.57,28587.94,35154.9,36505.99,209458.5,120213.4,0.9920160326691078,0.2043722153244946,0.7996557299408368,-1.157450868666276,-1.3188154193509942,0.5142031105394111,1,0,0,0,0,0,0,0.0,1.330112509757079,-0.5336680843589335,-0.6682356797279445
2024-05-27,3803689.35,0.9959311854161794,3819229.085,57124.95,54188.07,38991.74,20666.67,10548.15,28759.2,28958.03,21170.28,170971.43,89435.65999999999,0.7999455258596424,0.792959280638862,0.6540636950619438,-1.2461445846575077,-1.1609533528642206,0.8172078927119153,1,0,0,0,0,0,0,0.0,1.4346316449532932,-1.0192919150518898,0.08422345401201659
2024-06-03,3824744.88,1.0014442168503752,3819229.085,40310.57,28780.52,23779.11,13992.48,12711.41,20661.6,18385.58,16515.25,106862.68,68273.84,-0.1107098297661775,0.5462634378406387,0.4989243405552797,-1.3165068040979206,-0.9356968572526011,1.0733497333369764,1,0,0,0,0,0,0,0.0,1.4187523205584034,-0.8750405699303293,1.698024888704064
2024-06-10,3844430.96,1.0065986811576662,3819229.085,42516.88,39129.79,27724.87,14634.61,7615.619999999999,22465.13,22723.53,15146.2,124006.15,67950.48,-0.26592663955882107,0.02681048525375396,0.3364999475529547,-1.3675114873861527,-0.6561370212670364,1.2677425996751714,0,0,0,0,0,0,0,0.0,1.3391186937422404,-1.0077518074421643,1.7258580091570608
2024-06-17,3794234.41,0.9934555706285946,3819229.085,55888.85,42798.91,37570.03,18555.96,9866.59,23269.31,27897.07,28274.32,154813.75,89307.29000000001,0.09745715723775265,-0.25559329722311325,0.16915902945282368,-1.3984148713873175,-0.33852084641635094,1.3890890849242437,0,0,0,0,0,0,0,0.0571428571428571,1.3701663280068757,-1.1503929049902752,1.9434759002722284
2024-06-24,3830092.77,1.0028444706400743,3819229.085,49251.72,40909.14,30716.12,17996.99,10893.84,25187.93,24106.2,20389.76,138873.97,80577.73,0.024789266128687877,0.0203784672961977,-0.0006582063402838365,-1.4087663151743177,-0.0013070302950430152,1.430336972438045,1,0,0,0,0,0,0,0.0285714285714285,1.3971848799623594,-1.2486180069707233,1.6517105762702764
2024-07-01,3825807.11,1.001722343659833,3819229.085,111070.47,101736.84,83693.48,32047.8,22478.89,52427.81,66822.9,45350.54,328548.58999999997,187080.14,2.1748091493768884,-0.011587394633519271,-0.17047544213339016,-1.3984148713873175,0.33590678582626243,1.3890890849242437,1,1,0,0,0,1,0,0.0,1.3497839116194048,-1.5077336789983828,1.7601484135551533
2024-07-08,3858964.24,1.0104039726645515,3819229.085,101523.31,67660.29,58704.01,30845.23,17423.62,40635.58,54739.759999999995,34502.58,258732.84,147301.54,2.225412776746626,1.758989820633268,-0.33781636023352113,-1.3675114873861527,0.6535229606769478,1.2677425996751719,0,1,0,0,0,1,0,0.0,1.342910771209677,-1.1129546489075632,1.7052243891945724
2024-07-15,3810348.49,0.9976747676553684,3819229.085,72955.33,52026.59,51017.25,28164.63,15893.04,33130.19,47861.12,24720.41,204163.8,121604.76000000001,1.694946566327281,1.9480576301457895,-0.5002407532358463,-1.3165068040979206,0.9330827966625128,1.0733497333369768,0,1,0,0,0,1,0,0.0,1.0957147213011715,-1.4445314617404708,1.7153185342121926
2024-07-22,3819034.86,0.9999491454962042,3819229.085,89286.75,53513.22,58637.11,24670.85,15009.46,34941.91,51086.61,30244.1,226107.93,131282.08,1.7049060748267524,1.6685650047691687,-0.6553801077425093,-1.2461445846575083,1.1583392922741313,0.8172078927119181,1,1,0,0,0,1,0,0.0,1.0850495034240066,-1.478749222676283,1.727565107211512
2024-07-29,3806019.59,0.9965413190185736,3819229.085,80398.02,60488.66,52204.1,22813.06,17510.88,39132.5,43631.11,36075.23,215903.84,136349.72,1.600855044991014,1.6699487714797778,-0.8009721426214033,-1.157450868666276,1.3162013587609065,0.5142031105394118,1,1,0,0,0,1,0,0.0,1.0051788717661292,-1.3436226138042724,1.7448587527196404
2024-08-05,3824691.92,1.0014303501775934,3819229.085,66095.27,58277.47,59873.64,26428.43,18947.44,39342.69,45268.98,31878.13,210674.81,135437.24000000002,1.5023575315356048,1.7456679269255158,-0.9348937981592815,-1.0517190102242313,1.397494626623889,0.18194492338175725,1,1,0,0,0,1,0,0.0,0.8537327779103904,-1.2008473289583743,1.8468393060594224
2024-08-12,3830567.8,1.0029688491440674,3819229.085,57886.01,37973.87,37042.94,20629.02,8402.69,26946.02,25896.27,22789.78,153531.84000000003,84034.76000000001,0.8082687015694439,1.76983341631863,-1.0551921950530974,-0.9304908179148689,1.397494626623889,-0.16025703063281554,0,1,0,0,0,1,0,0.0,0.7226691004421224,-1.4387614079356088,1.6450306273615576
2024-08-19,3799600.8,0.9948606683277812,3819229.085,54079.93,53264.64,40308.84,21229.8,14787.32,28582.83,29848.72,22534.36,168883.21000000002,95753.23000000001,0.699389610738972,0.9827220772948203,-1.1601131117877401,-0.7955340717641753,1.3162013587609065,-0.4925152177904702,1,0,0,0,0,1,1,0.0857142857142857,0.5105497671074034,-1.3730096320197347,1.8366709393872604
2024-08-26,3800973.37,0.9952200523734752,3819229.085,52780.15,42834.77,30909.15,21027.86,10010.05,22149.3,25121.15,22846.45,147551.93,80126.95,0.3871701546544803,0.7544657482366219,-1.2481265651358897,-0.6488167450271543,1.1583392922741331,-0.7955199999629744,1,0,0,0,0,1,0,0.0285714285714285,0.31004367101670643,-1.0956444874929754,1.3894854707757722
2024-09-02,3781111.61,0.9900195892543586,3819229.085,58056.66,47301.42,39642.23,23801.27,14614.93,32496.94,30251.14,28632.64,168801.58000000002,105995.65,0.5303518493959092,0.35928309416231236,-1.3179491207586949,-0.49247830670627696,0.9330827966625134,-1.0516618405880356,1,0,0,0,0,0,0,0.0,0.19580733731018762,-0.9717896116351149,-0.7697709031404781
2024-09-09,3801142.42,0.9952643152328736,3819229.085,71061.42,56576.06,42421.73,24851.32,13961.44,34467.44,38248.1,30976.0,194910.53,117652.98000000001,0.9040131515534523,0.6204900581224727,-1.368562608568471,-0.3287985232757669,0.6535229606769487,-1.2460547069262307,0,0,0,0,0,0,0,0.0,-0.02508117516797843,-0.9723263608262653,-0.5969828913682715
2024-09-16,3827944.92,1.0022820927485685,3819229.085,44137.2,39897.07,29076.5,14208.84,11295.67,21767.31,26149.98,15798.98,127319.60999999999,75011.94,0.21245332250740337,0.9440531055618344,-1.3992289699413032,-0.16016421455281551,0.33590678582626443,-1.3674011921753024,0,0,0,0,0,0,0,0.0,-0.06229093531719783,-0.960383691323178,-0.5308513971719502
2024-09-23,3815789.25,0.9990993378706948,3819229.085,47322.45,43503.51,38421.35,25239.63,12670.42,22836.2,27720.370000000003,19959.41,154486.94,83186.40000000001,0.2783961368431328,0.3684465909767394,-1.4095010202737441,0.010965551510006213,-0.0013070302950434038,-1.408649079689104,1,0,0,0,0,0,0,0.0,-0.3320024451886068,-0.8441774914392046,-0.5139288599365278
2024-09-30,3792549.03,0.9930142826192894,3819229.085,57326.16,44940.95,41396.39,18497.04,16569.56,23686.1,27630.27,21733.34,162160.53999999998,89619.26999999999,0.4035379590178855,0.21423626491122205,-1.3992289699413032,0.182095317572828,-0.3385208464163512,-1.3674011921753029,1,0,0,0,0,0,0,0.0,-0.45880003550600845,-0.7758761568653678,-0.5356015830625951
2024-10-07,3847312.15,1.0073530716212589,3819229.085,88981.89,75062.33,67678.77,28125.65,15907.11,39745.89,39859.15,32906.85,259848.64,128419.00000000001,1.5899895551133554,0.25559757703455244,-1.368562608568471,0.3507296262957793,-0.6561370212670355,-1.246054706926231,0,0,0,0,0,0,0,0.0,-0.4950617762883682,-0.25080126062288705,-0.6467113999109598
2024-10-14,3855770.95,1.009567864138739,3819229.085,70997.01,53027.79,44360.52,27257.44,17124.88,38965.48,46666.04,35271.68,195642.75999999998,138028.08000000002,1.332924202942758,0.9540928578147508,-1.3179491207586949,0.5144094097262893,-0.9356968572526003,-1.0516618405880362,0,0,0,0,0,0,0,0.0,-0.7702243975192175,-0.19497934474328743,-0.596834448059189
2024-10-21,3779037.06,0.9894764037177414,3819229.085,44361.52,36706.36,36682.38,17009.06,12110.6,27295.41,23485.49,21293.55,134759.32,84185.05,0.50092407823068,1.427538066593244,-1.2481265651358906,0.6707478480471656,-1.1609533528642189,-0.7955199999629774,1,0,0,0,0,0,0,0.0,-0.9223815059001,-0.07917570675267654,-0.5641026984064642
2024-10-28,3839398.01,1.0052808890357514,3819229.085,44582.61,40227.22,41340.98,16574.22,9247.59,29151.1,24690.14,13839.06,142725.03,76927.89,0.2416527555164051,0.7945841742010412,-1.160113111787741,0.8174651747841868,-1.318815419350993,-0.4925152177904736,1,0,0,0,0,0,0,0.0,-0.9766556146527824,0.08547210763258334,-0.6534655704742206
2024-11-04,3800732.76,0.995157052748513,3819229.085,73946.63,50589.87,59334.34,27141.7,20519.89,46223.87,38352.03,27962.33,211012.54,133058.12,0.9877364882447651,0.32241011869272446,-1.0551921950530974,0.952421920934882,-1.4001086872139767,-0.1602570306328154,1,0,0,0,0,0,0,0.0,-1.1243096310410843,0.14867432489049473,-0.6566571016194975
2024-11-11,3815666.05,0.9990670800518372,3819229.085,106895.02,73108.45,69003.11,33945.38,19765.13,50315.68,47754.65,39079.05,282951.96,156914.51,2.026367789208092,1.0604453060794525,-0.9348937981592825,1.0736501132442435,-1.4001086872139767,0.18194492338175494,0,0,0,0,0,0,0,0.0,-1.2165045144681301,0.28084881321118055,-0.5007916270827134
2024-11-18,3832890.93,1.003577121114221,3819229.085,70665.33,54140.38,60396.93,23745.17,15646.32,42287.19,33634.36,31810.59,208947.81,123378.45999999999,1.6602014612577687,1.7606499911268565,-0.8009721426214038,1.1793819716862888,-1.3188154193509942,0.5142031105394108,0,0,1,0,0,0,1,0.0,-1.3814598843016104,0.5403670471322022,-0.5342655932808512
2024-11-25,3814853.84,0.9988544167153566,3819229.085,87248.4,61088.369999999995,80095.71,28159.4,19616.53,49619.17,48310.78,34493.23,256591.88,152039.71,2.0044587577180266,1.5982192297456994,-0.6553801077425099,1.2680756876775212,-1.1609533528642195,0.8172078927119172,1,0,1,1,0,0,1,0.0,-1.2989821993848703,0.674151783026338,-0.507100467718726
2024-12-02,3819415.42,1.0000487886418576,3819229.085,72586.49,56842.24,51649.37,23264.22,16936.37,29961.41,30405.63,25038.96,204342.32,102342.37,1.6019774035314602,1.9385269553512259,-0.5002407532358466,1.3384379071179335,-0.9356968572526013,1.0733497333369761,1,0,0,1,0,0,0,0.0,-1.356811380763274,1.006399532348184,-0.6473793948018317
2024-12-09,3813141.62,0.9984061011098004,3819229.085,92067.02,67303.91,61550.31,22545.21,15484.64,42174.53,51189.14,27507.95,243466.44999999998,136356.26,1.8488412024962657,1.3700217268374317,-0.3378163602335217,1.3894425904061656,-0.6561370212670368,1.2677425996751712,0,0,0,1,0,0,1,0.0,-1.4660706127937835,0.8240389946549737,-0.6793689279091432
